User_ID,Session_ID,rep,Key_Pressed,Key_Pressed_Previous,Press_Time,Release_Time,Hold_Time,DD,UD,Characters_Count
Krzysiek22m,1,0,Key.enter,,1738005746.6833026,1738005746.6833026,0.0,,,1
Krzysiek22m,1,0,.,Key.enter,1738005772.3481097,1738005772.4363048,0.0881950855255127,25.664807081222534,,2
Krzysiek22m,1,0,t,.,1738005773.1345713,1738005773.367633,0.2330617904663086,0.786461591720581,0.6982665061950684,3
Krzysiek22m,1,0,i,t,1738005773.4695742,1738005773.5498931,0.08031892776489258,0.3350028991699219,0.10194110870361328,4
Krzysiek22m,1,0,e,i,1738005773.662965,1738005773.7752173,0.11225223541259766,0.1933908462524414,0.11307191848754883,5
Krzysiek22m,1,0,5,e,1738005774.019712,1738005774.095873,0.07616114616394043,0.3567469120025635,0.24449467658996582,6
Krzysiek22m,1,0,R,5,1738005777.1806962,1738005777.290139,0.10944271087646484,3.1609842777252197,3.0848231315612793,7
Krzysiek22m,1,0,Key.shift,R,1738005776.924541,1738005777.355084,0.4305429458618164,-0.25615525245666504,-0.3655979633331299,8
Krzysiek22m,1,0,o,Key.shift,1738005777.4163983,1738005777.5117557,0.09535741806030273,0.49185729026794434,0.06131434440612793,9
Krzysiek22m,1,0,l,o,1738005777.6799479,1738005777.782527,0.10257911682128906,0.2635495662689209,0.16819214820861816,10
Krzysiek22m,1,0,Key.backspace,l,1738005780.7266874,1738005780.83567,0.10898256301879883,3.0467395782470703,2.9441604614257812,11
Krzysiek22m,1,0,a,Key.backspace,1738005780.8990493,1738005780.994379,0.09532976150512695,0.1723618507385254,0.06337928771972656,12
Krzysiek22m,1,0,n,a,1738005786.7689476,1738005786.8638568,0.0949091911315918,5.869898319244385,5.774568557739258,13
Krzysiek22m,1,0,l,n,1738005786.9964795,1738005787.09199,0.09551048278808594,0.22753190994262695,0.13262271881103516,14
Krzysiek22m,1,0,Key.enter,l,1738005746.6833026,1738005789.08122,42.3979172706604,-40.31317687034607,-40.408687353134155,15
Krzysiek22m,1,1,.,Key.enter,1738005800.583483,1738005800.7280002,0.144517183303833,53.90018033981323,,16
Krzysiek22m,1,1,t,.,1738005801.9022515,1738005802.0578918,0.1556403636932373,1.3187685012817383,1.1742513179779053,17
Krzysiek22m,1,1,i,t,1738005802.1460614,1738005802.2280216,0.08196020126342773,0.24380993843078613,0.08816957473754883,18
Krzysiek22m,1,1,e,i,1738005802.3087656,1738005802.4380226,0.1292569637298584,0.1627042293548584,0.08074402809143066,19
Krzysiek22m,1,1,5,e,1738005802.8317697,1738005802.941503,0.10973334312438965,0.5230040550231934,0.39374709129333496,20
Krzysiek22m,1,1,R,5,1738005803.623896,1738005803.7173803,0.09348440170288086,0.7921261787414551,0.6823928356170654,21
Krzysiek22m,1,1,Key.shift,R,1738005803.4202592,1738005803.7983205,0.37806129455566406,-0.20363664627075195,-0.2971210479736328,22
Krzysiek22m,1,1,o,Key.shift,1738005803.875812,1738005803.9559205,0.0801084041595459,0.4555528163909912,0.07749152183532715,23
Krzysiek22m,1,1,a,o,1738005804.0263035,1738005804.1205375,0.09423398971557617,0.15049147605895996,0.07038307189941406,24
Krzysiek22m,1,1,l,a,1738005804.203832,1738005804.2590272,0.05519533157348633,0.17752838134765625,0.08329439163208008,25
Krzysiek22m,1,1,Key.enter,l,1738005804.5956511,1738005804.7245052,0.12885403633117676,0.3918192386627197,0.3366239070892334,26
Krzysiek22m,1,1,.,Key.enter,1738005805.9508977,1738005806.0827222,0.13182449340820312,1.3552465438842773,,27
Krzysiek22m,1,1,t,.,1738005806.4684117,1738005806.6121116,0.14369988441467285,0.5175139904022217,0.38568949699401855,28
Krzysiek22m,1,1,i,t,1738005807.3946002,1738005807.4368987,0.04229855537414551,0.9261884689331055,0.7824885845184326,29
Krzysiek22m,1,1,e,i,1738005807.5522983,1738005807.721397,0.1690986156463623,0.1576981544494629,0.11539959907531738,30
Krzysiek22m,1,1,5,e,1738005808.1731188,1738005808.2849276,0.11180877685546875,0.6208205223083496,0.4517219066619873,31
Krzysiek22m,1,1,R,5,1738005808.6762316,1738005808.78237,0.10613846778869629,0.50311279296875,0.39130401611328125,32
Krzysiek22m,1,1,Key.shift,R,1738005808.4793315,1738005808.7982237,0.318892240524292,-0.1969001293182373,-0.3030385971069336,33
Krzysiek22m,1,1,o,Key.shift,1738005808.9212713,1738005809.0176358,0.09636449813842773,0.4419398307800293,0.1230475902557373,34
Krzysiek22m,1,1,a,o,1738005809.1059868,1738005809.2294376,0.12345075607299805,0.18471550941467285,0.08835101127624512,35
Krzysiek22m,1,1,l,a,1738005809.2735603,1738005809.3689487,0.09538841247558594,0.1675734519958496,0.04412269592285156,36
Krzysiek22m,1,1,Key.enter,l,1738005809.769888,1738005809.8762631,0.10637521743774414,0.49632763862609863,0.4009392261505127,37
Krzysiek22m,1,1,.,Key.enter,1738005811.4105918,1738005811.5057216,0.09512972831726074,1.6407039165496826,,38
Krzysiek22m,1,1,t,.,1738005812.5948772,1738005812.7066827,0.11180543899536133,1.1842854022979736,1.089155673980713,39
Krzysiek22m,1,1,i,t,1738005812.9663885,1738005813.093274,0.12688565254211426,0.37151122093200684,0.2597057819366455,40
Krzysiek22m,1,1,e,i,1738005814.2397275,1738005814.3262563,0.08652877807617188,1.273339033126831,1.1464533805847168,41
Krzysiek22m,1,1,5,e,1738005815.0039551,1738005815.0932941,0.08933901786804199,0.7642276287078857,0.6776988506317139,42
Krzysiek22m,1,1,R,5,1738005815.3990421,1738005815.51525,0.11620783805847168,0.39508700370788574,0.30574798583984375,43
Krzysiek22m,1,1,Key.shift,R,1738005815.2228394,1738005815.5788715,0.356032133102417,-0.17620277404785156,-0.29241061210632324,44
Krzysiek22m,1,1,o,Key.shift,1738005815.8183289,1738005815.9153638,0.09703493118286133,0.595489501953125,0.239457368850708,45
Krzysiek22m,1,1,a,o,1738005818.3514724,1738005818.434432,0.08295965194702148,2.5331435203552246,2.4361085891723633,46
Krzysiek22m,1,1,n,a,1738005818.8965268,1738005818.9758558,0.07932901382446289,0.5450544357299805,0.462094783782959,47
Krzysiek22m,1,1,l,n,1738005821.9429972,1738005822.1116686,0.1686713695526123,3.0464704036712646,2.9671413898468018,48
Krzysiek22m,1,1,Key.enter,l,1738005823.1495123,1738005823.2601545,0.1106421947479248,1.2065150737762451,1.0378437042236328,49
Krzysiek22m,1,2,.,Key.enter,1738005824.765538,1738005824.845572,0.08003401756286621,1.616025686264038,,50
Krzysiek22m,1,2,t,.,1738005825.3356516,1738005825.4612143,0.1255626678466797,0.5701136589050293,0.4900796413421631,51
Krzysiek22m,1,2,i,t,1738005825.6256428,1738005825.7305305,0.10488772392272949,0.2899911403656006,0.1644284725189209,52
Krzysiek22m,1,2,e,i,1738005825.7864776,1738005825.9066324,0.12015485763549805,0.16083478927612305,0.055947065353393555,53
Krzysiek22m,1,2,5,e,1738005826.1357086,1738005826.2318325,0.09612393379211426,0.3492310047149658,0.22907614707946777,54
Krzysiek22m,1,2,R,5,1738005826.8770218,1738005826.9928882,0.11586642265319824,0.7413132190704346,0.6451892852783203,55
Krzysiek22m,1,2,Key.shift,R,1738005826.6867447,1738005827.0336742,0.34692955017089844,-0.190277099609375,-0.30614352226257324,56
Krzysiek22m,1,2,o,Key.shift,1738005827.2104688,1738005827.2741814,0.06371259689331055,0.5237240791320801,0.17679452896118164,57
Krzysiek22m,1,2,a,o,1738005827.390863,1738005827.4956555,0.10479259490966797,0.18039417266845703,0.11668157577514648,58
Krzysiek22m,1,2,n,a,1738005830.7010055,1738005830.798321,0.09731554985046387,3.3101425170898438,3.205349922180176,59
Krzysiek22m,1,2,l,n,1738005830.9413757,1738005831.0375044,0.09612870216369629,0.2403702735900879,0.14305472373962402,60
Krzysiek22m,1,2,Key.enter,l,1738005831.6332433,1738005831.7206879,0.08744454383850098,0.6918675899505615,0.5957388877868652,61
Krzysiek22m,1,3,.,Key.enter,1738005832.8243604,1738005832.948165,0.12380456924438477,1.1911170482635498,,62
Krzysiek22m,1,3,t,.,1738005833.2820184,1738005833.39871,0.11669158935546875,0.457658052444458,0.33385348320007324,63
Krzysiek22m,1,3,i,t,1738005833.456545,1738005833.5440252,0.08748006820678711,0.17452669143676758,0.05783510208129883,64
Krzysiek22m,1,3,e,i,1738005833.589114,1738005833.7336273,0.14451336860656738,0.1325688362121582,0.045088768005371094,65
Krzysiek22m,1,3,5,e,1738005833.9874945,1738005834.0804193,0.09292483329772949,0.3983805179595947,0.25386714935302734,66
Krzysiek22m,1,3,R,5,1738005834.6333416,1738005834.7594225,0.12608098983764648,0.6458470821380615,0.552922248840332,67
Krzysiek22m,1,3,Key.shift,R,1738005834.405954,1738005834.7982743,0.3923203945159912,-0.2273876667022705,-0.353468656539917,68
Krzysiek22m,1,3,o,Key.shift,1738005834.867824,1738005834.9522252,0.08440113067626953,0.4618701934814453,0.0695497989654541,69
Krzysiek22m,1,3,a,o,1738005835.0023422,1738005835.1374662,0.13512396812438965,0.13451814651489258,0.05011701583862305,70
Krzysiek22m,1,3,n,a,1738005835.372304,1738005835.4688346,0.09653067588806152,0.3699617385864258,0.23483777046203613,71
Krzysiek22m,1,3,l,n,1738005835.6014004,1738005835.6970904,0.09569001197814941,0.2290964126586914,0.13256573677062988,72
Krzysiek22m,1,3,Key.enter,l,1738005836.5175948,1738005836.6694148,0.15181994438171387,0.9161944389343262,0.8205044269561768,73
Krzysiek22m,1,4,.,Key.enter,1738005837.6071327,1738005837.7249775,0.11784482002258301,1.0895378589630127,,74
Krzysiek22m,1,4,t,.,1738005837.9196692,1738005838.0231352,0.10346603393554688,0.31253647804260254,0.19469165802001953,75
Krzysiek22m,1,4,i,t,1738005838.1270878,1738005838.2201111,0.09302330017089844,0.20741868019104004,0.10395264625549316,76
Krzysiek22m,1,4,e,i,1738005838.2380054,1738005838.3664348,0.12842941284179688,0.11091756820678711,0.017894268035888672,77
Krzysiek22m,1,4,5,e,1738005838.515242,1738005838.6136007,0.0983586311340332,0.2772367000579834,0.14880728721618652,78
Krzysiek22m,1,4,R,5,1738005839.0057676,1738005839.1259112,0.12014365196228027,0.490525484085083,0.3921668529510498,79
Krzysiek22m,1,4,Key.shift,R,1738005838.8213115,1738005839.1479492,0.32663774490356445,-0.18445611000061035,-0.3045997619628906,80
Krzysiek22m,1,4,o,Key.shift,1738005839.2639709,1738005839.359605,0.09563422203063965,0.4426593780517578,0.11602163314819336,81
Krzysiek22m,1,4,a,o,1738005839.532916,1738005839.6278121,0.09489607810974121,0.26894521713256836,0.1733109951019287,82
Krzysiek22m,1,4,n,a,1738005840.1271772,1738005840.206925,0.07974767684936523,0.5942611694335938,0.49936509132385254,83
Krzysiek22m,1,4,l,n,1738005840.322977,1738005840.4005628,0.07758569717407227,0.1957998275756836,0.11605215072631836,84
Krzysiek22m,1,4,Key.enter,l,1738005840.6183538,1738005840.731383,0.11302924156188965,0.2953767776489258,0.21779108047485352,85
Krzysiek22m,1,5,.,Key.enter,1738005841.0363781,1738005841.1555552,0.11917710304260254,0.41802430152893066,,86
Krzysiek22m,1,5,t,.,1738005841.3618815,1738005841.47439,0.11250853538513184,0.3255033493041992,0.20632624626159668,87
Krzysiek22m,1,5,i,t,1738005841.5787084,1738005841.6754906,0.09678220748901367,0.2168269157409668,0.10431838035583496,88
Krzysiek22m,1,5,e,i,1738005841.6894872,1738005841.7937493,0.10426211357116699,0.11077880859375,0.013996601104736328,89
Krzysiek22m,1,5,5,e,1738005842.0646026,1738005842.155007,0.09040427207946777,0.37511539459228516,0.27085328102111816,90
Krzysiek22m,1,5,R,5,1738005842.4904356,1738005842.6092463,0.11881065368652344,0.42583298683166504,0.33542871475219727,91
Krzysiek22m,1,5,Key.shift,R,1738005842.2977703,1738005842.6475809,0.3498106002807617,-0.19266533851623535,-0.3114759922027588,92
Krzysiek22m,1,5,o,Key.shift,1738005842.6951091,1738005842.7672927,0.07218360900878906,0.3973388671875,0.04752826690673828,93
Krzysiek22m,1,5,a,o,1738005842.9590724,1738005843.0680265,0.10895419120788574,0.2639632225036621,0.19177961349487305,94
Krzysiek22m,1,5,n,a,1738005843.3355122,1738005843.3957832,0.06027102470397949,0.37643980979919434,0.2674856185913086,95
Krzysiek22m,1,5,l,n,1738005843.5243037,1738005843.584201,0.059897422790527344,0.18879151344299316,0.12852048873901367,96
Krzysiek22m,1,5,Key.enter,l,1738005843.776497,1738005843.8934155,0.11691856384277344,0.2521932125091553,0.19229578971862793,97
Krzysiek22m,1,6,.,Key.enter,1738005844.883549,1738005845.008483,0.12493395805358887,1.1070520877838135,,98
Krzysiek22m,1,6,t,.,1738005845.229913,1738005845.328085,0.09817194938659668,0.34636402130126953,0.22143006324768066,99
Krzysiek22m,1,6,i,t,1738005845.3921459,1738005845.4667766,0.0746307373046875,0.1622328758239746,0.06406092643737793,100
Krzysiek22m,1,6,e,i,1738005845.5082924,1738005845.6310492,0.1227567195892334,0.11614656448364258,0.04151582717895508,101
Krzysiek22m,1,6,5,e,1738005845.8136609,1738005845.9059024,0.09224152565002441,0.30536842346191406,0.18261170387268066,102
Krzysiek22m,1,6,R,5,1738005846.3118138,1738005846.4297836,0.11796975135803223,0.4981529712677002,0.4059114456176758,103
Krzysiek22m,1,6,Key.shift,R,1738005846.1431024,1738005846.4740295,0.33092713356018066,-0.16871142387390137,-0.2866811752319336,104
Krzysiek22m,1,6,o,Key.shift,1738005846.5416474,1738005846.636461,0.09481358528137207,0.3985450267791748,0.06761789321899414,105
Krzysiek22m,1,6,a,o,1738005846.6969297,1738005846.8295012,0.13257145881652832,0.15528225898742676,0.06046867370605469,106
Krzysiek22m,1,6,n,a,1738005847.0874276,1738005847.1949747,0.10754704475402832,0.39049792289733887,0.25792646408081055,107
Krzysiek22m,1,6,l,n,1738005847.2792993,1738005847.377193,0.09789371490478516,0.19187164306640625,0.08432459831237793,108
Krzysiek22m,1,6,Key.enter,l,1738005847.546971,1738005847.6699302,0.12295913696289062,0.2676718235015869,0.16977810859680176,109
Krzysiek22m,1,7,.,Key.enter,1738005848.4110916,1738005848.5293276,0.11823606491088867,0.8641204833984375,,110
Krzysiek22m,1,7,t,.,1738005848.7171235,1738005848.8135629,0.09643936157226562,0.3060319423675537,0.18779587745666504,111
Krzysiek22m,1,7,i,t,1738005849.2250538,1738005849.339627,0.11457324028015137,0.5079302787780762,0.41149091720581055,112
Krzysiek22m,1,7,e,i,1738005849.3866987,1738005849.487302,0.10060334205627441,0.16164493560791016,0.04707169532775879,113
Krzysiek22m,1,7,5,e,1738005849.6982603,1738005849.7924907,0.09423041343688965,0.31156158447265625,0.21095824241638184,114
Krzysiek22m,1,7,R,5,1738005850.146466,1738005850.251395,0.10492897033691406,0.44820570945739746,0.3539752960205078,115
Krzysiek22m,1,7,Key.shift,R,1738005849.9648402,1738005850.3166537,0.35181355476379395,-0.1816258430480957,-0.28655481338500977,116
Krzysiek22m,1,7,o,Key.shift,1738005850.4381747,1738005850.5204098,0.08223509788513184,0.47333455085754395,0.12152099609375,117
Krzysiek22m,1,7,a,o,1738005850.5830748,1738005850.7096453,0.126570463180542,0.14490008354187012,0.06266498565673828,118
Krzysiek22m,1,7,n,a,1738005850.8576667,1738005850.936671,0.07900428771972656,0.27459192276000977,0.14802145957946777,119
Krzysiek22m,1,7,l,n,1738005851.0503795,1738005851.1259978,0.07561826705932617,0.19271278381347656,0.11370849609375,120
Krzysiek22m,1,7,Key.enter,l,1738005851.332151,1738005851.437563,0.10541200637817383,0.2817714214324951,0.20615315437316895,121
Krzysiek22m,1,8,.,Key.enter,1738005851.7909768,1738005851.9032657,0.1122889518737793,0.45882582664489746,,122
Krzysiek22m,1,8,t,.,1738005852.1111112,1738005852.2150812,0.10397005081176758,0.32013440132141113,0.20784544944763184,123
Krzysiek22m,1,8,i,t,1738005852.2791307,1738005852.3686318,0.08950114250183105,0.16801953315734863,0.06404948234558105,124
Krzysiek22m,1,8,e,i,1738005852.375422,1738005852.5008168,0.1253948211669922,0.09629130363464355,0.0067901611328125,125
Krzysiek22m,1,8,5,e,1738005853.7106025,1738005853.8123288,0.10172629356384277,1.3351805210113525,1.2097856998443604,126
Krzysiek22m,1,8,R,5,1738005854.0672374,1738005854.200627,0.13338971138000488,0.35663485527038574,0.25490856170654297,127
Krzysiek22m,1,8,Key.shift,R,1738005853.8916354,1738005854.2450619,0.353426456451416,-0.17560195922851562,-0.3089916706085205,128
Krzysiek22m,1,8,p,Key.shift,1738005854.292327,1738005854.3720195,0.07969260215759277,0.40069150924682617,0.047265052795410156,129
Krzysiek22m,1,8,Key.backspace,p,1738005854.9105723,1738005854.9786801,0.06810784339904785,0.6182453632354736,0.5385527610778809,130
Krzysiek22m,1,8,o,Key.backspace,1738005855.2132215,1738005855.3007245,0.08750295639038086,0.30264925956726074,0.2345414161682129,131
Krzysiek22m,1,8,a,o,1738005855.3512435,1738005855.4509227,0.09967923164367676,0.13802194595336914,0.05051898956298828,132
Krzysiek22m,1,8,n,a,1738005855.6717536,1738005855.7698305,0.09807682037353516,0.3205101490020752,0.22083091735839844,133
Krzysiek22m,1,8,;,n,1738005855.9583657,1738005856.0220842,0.06371855735778809,0.28661203384399414,0.18853521347045898,134
Krzysiek22m,1,8,Key.backspace,;,1738005857.142384,1738005857.2406938,0.09830975532531738,1.1840183734893799,1.1202998161315918,135
Krzysiek22m,1,8,l,Key.backspace,1738005857.4637294,1738005857.5655456,0.10181617736816406,0.32134532928466797,0.22303557395935059,136
Krzysiek22m,1,8,Key.enter,l,1738005857.7025313,1738005857.7899985,0.08746719360351562,0.2388019561767578,0.13698577880859375,137
Krzysiek22m,1,9,.,Key.enter,1738005858.7013066,1738005858.8334768,0.1321702003479004,0.9987752437591553,,138
Krzysiek22m,1,9,Key.shift,.,1738005866.0419781,1738005866.4180746,0.3760964870452881,7.340671539306641,7.20850133895874,139
Krzysiek22m,1,9,t,Key.shift,1738005866.8170524,1738005866.9449914,0.12793898582458496,0.7750742435455322,0.39897775650024414,140
Krzysiek22m,1,9,i,t,1738005867.0565097,1738005867.1093755,0.05286574363708496,0.239457368850708,0.11151838302612305,141
Krzysiek22m,1,9,e,i,1738005867.1509073,1738005867.2622566,0.11134934425354004,0.09439754486083984,0.04153180122375488,142
Krzysiek22m,1,9,5,e,1738005868.1585922,1738005868.2688942,0.11030197143554688,1.0076849460601807,0.8963356018066406,143
Krzysiek22m,1,9,R,5,1738005868.6284888,1738005868.7527366,0.12424778938293457,0.4698965549468994,0.35959458351135254,144
Krzysiek22m,1,9,Key.shift,R,1738005868.4450183,1738005868.8125608,0.3675425052642822,-0.1834704875946045,-0.30771827697753906,145
Krzysiek22m,1,9,o,Key.shift,1738005868.8453102,1738005868.93344,0.08812975883483887,0.40029191970825195,0.03274941444396973,146
Krzysiek22m,1,9,a,o,1738005869.0300243,1738005869.163062,0.13303780555725098,0.18471407890319824,0.09658432006835938,147
Krzysiek22m,1,9,n,a,1738005869.4124136,1738005869.4922154,0.07980179786682129,0.3823893070220947,0.24935150146484375,148
Krzysiek22m,1,9,l,n,1738005869.6173337,1738005869.697395,0.08006143569946289,0.20492005348205566,0.12511825561523438,149
Krzysiek22m,1,9,Key.enter,l,1738005869.9149354,1738005870.025852,0.1109166145324707,0.29760169982910156,0.21754026412963867,150
Krzysiek22m,1,10,.,Key.enter,1738005871.0108278,1738005871.1161504,0.10532259941101074,1.0958924293518066,,151
Krzysiek22m,1,10,t,.,1738005871.973569,1738005872.1013677,0.12779879570007324,0.9627411365509033,0.8574185371398926,152
Krzysiek22m,1,10,i,t,1738005872.1503963,1738005872.2462378,0.0958414077758789,0.17682743072509766,0.049028635025024414,153
Krzysiek22m,1,10,e,i,1738005872.2831035,1738005872.399632,0.11652851104736328,0.1327071189880371,0.0368657112121582,154
Krzysiek22m,1,10,5,e,1738005872.5623202,1738005872.6574655,0.09514522552490234,0.2792167663574219,0.1626882553100586,155
Krzysiek22m,1,10,R,5,1738005872.993572,1738005873.1191576,0.12558555603027344,0.43125176429748535,0.336106538772583,156
Krzysiek22m,1,10,Key.shift,R,1738005872.8419604,1738005873.1520488,0.3100883960723877,-0.1516115665435791,-0.27719712257385254,157
Krzysiek22m,1,10,o,Key.shift,1738005873.244129,1738005873.3373559,0.09322690963745117,0.40216851234436035,0.09208011627197266,158
Krzysiek22m,1,10,a,o,1738005873.3937206,1738005873.5660558,0.17233514785766602,0.14959168434143066,0.05636477470397949,159
Krzysiek22m,1,10,n,a,1738005873.743101,1738005873.8525972,0.1094963550567627,0.3493802547454834,0.17704510688781738,160
Krzysiek22m,1,10,l,n,1738005873.973875,1738005874.0628364,0.08896136283874512,0.2307741641998291,0.1212778091430664,161
Krzysiek22m,1,10,Key.enter,l,1738005874.2467868,1738005874.3564599,0.10967302322387695,0.27291178703308105,0.18395042419433594,162
Krzysiek22m,1,11,.,Key.enter,1738005874.739993,1738005874.8588526,0.11885952949523926,0.493206262588501,,163
Krzysiek22m,1,11,t,.,1738005875.12187,1738005875.2542367,0.13236665725708008,0.38187694549560547,0.2630174160003662,164
Krzysiek22m,1,11,i,t,1738005875.2876363,1738005875.3716822,0.0840458869934082,0.16576623916625977,0.03339958190917969,165
Krzysiek22m,1,11,e,i,1738005875.4132998,1738005875.5594025,0.1461026668548584,0.12566351890563965,0.041617631912231445,166
Krzysiek22m,1,11,5,e,1738005875.7192159,1738005875.8102944,0.09107851982116699,0.30591607093811035,0.15981340408325195,167
Krzysiek22m,1,11,R,5,1738005876.3227477,1738005876.448853,0.12610530853271484,0.6035318374633789,0.5124533176422119,168
Krzysiek22m,1,11,Key.shift,R,1738005876.1066525,1738005876.4829922,0.3763396739959717,-0.2160952091217041,-0.34220051765441895,169
Krzysiek22m,1,11,o,Key.shift,1738005876.56463,1738005876.6633615,0.09873151779174805,0.4579775333404541,0.08163785934448242,170
Krzysiek22m,1,11,a,o,1738005876.7561626,1738005876.8520684,0.09590578079223633,0.19153261184692383,0.09280109405517578,171
Krzysiek22m,1,11,l,a,1738005877.0091858,1738005877.104594,0.09540820121765137,0.2530231475830078,0.15711736679077148,172
Krzysiek22m,1,11,Key.backspace,l,1738005877.7549033,1738005877.8354576,0.08055424690246582,0.7457175254821777,0.6503093242645264,173
Krzysiek22m,1,11,n,Key.backspace,1738005878.0249012,1738005878.1395178,0.11461663246154785,0.26999783515930176,0.18944358825683594,174
Krzysiek22m,1,11,l,n,1738005878.1908357,1738005878.3112688,0.12043309211730957,0.16593456268310547,0.05131793022155762,175
Krzysiek22m,1,11,Key.enter,l,1738005878.4397724,1738005878.5730536,0.13328123092651367,0.24893665313720703,0.12850356101989746,176
Krzysiek22m,1,12,.,Key.enter,1738005879.7254188,1738005879.808787,0.08336830139160156,1.2856464385986328,,177
Krzysiek22m,1,12,t,.,1738005880.0330567,1738005880.1407697,0.10771298408508301,0.30763792991638184,0.22426962852478027,178
Krzysiek22m,1,12,i,t,1738005880.2431145,1738005880.3352995,0.09218502044677734,0.21005773544311523,0.10234475135803223,179
Krzysiek22m,1,12,e,i,1738005880.3512285,1738005880.494245,0.14301657676696777,0.10811400413513184,0.015928983688354492,180
Krzysiek22m,1,12,5,e,1738005880.8401096,1738005880.9202514,0.08014178276062012,0.48888111114501953,0.34586453437805176,181
Krzysiek22m,1,12,R,5,1738005881.1480973,1738005881.2472384,0.09914112091064453,0.30798768997192383,0.2278459072113037,182
Krzysiek22m,1,12,Key.shift,R,1738005880.94008,1738005881.3114796,0.3713996410369873,-0.20801734924316406,-0.3071584701538086,183
Krzysiek22m,1,12,o,Key.shift,1738005881.3642402,1738005881.446332,0.0820918083190918,0.4241602420806885,0.05276060104370117,184
Krzysiek22m,1,12,a,o,1738005881.561533,1738005881.6714375,0.10990452766418457,0.19729280471801758,0.11520099639892578,185
Krzysiek22m,1,12,n,a,1738005881.8607438,1738005881.958695,0.09795117378234863,0.299210786819458,0.18930625915527344,186
Krzysiek22m,1,12,l,n,1738005882.071882,1738005882.1644855,0.09260344505310059,0.21113824844360352,0.11318707466125488,187
Krzysiek22m,1,12,Key.enter,l,1738005882.35818,1738005882.4851224,0.12694239616394043,0.2862980365753174,0.1936945915222168,188
Krzysiek22m,1,13,.,Key.enter,1738005883.29464,1738005883.4060023,0.11136221885681152,0.936460018157959,,189
Krzysiek22m,1,13,t,.,1738005883.56518,1738005883.6835973,0.11841726303100586,0.2705399990081787,0.1591777801513672,190
Krzysiek22m,1,13,i,t,1738005883.8011956,1738005883.897503,0.09630727767944336,0.23601555824279785,0.11759829521179199,191
Krzysiek22m,1,13,e,i,1738005883.9213,1738005884.043648,0.12234807014465332,0.12010431289672852,0.023797035217285156,192
Krzysiek22m,1,13,5,e,1738005884.522277,1738005884.5864747,0.06419754028320312,0.6009771823883057,0.47862911224365234,193
Krzysiek22m,1,13,R,5,1738005884.8649244,1738005884.9672165,0.10229206085205078,0.3426473140716553,0.27844977378845215,194
Krzysiek22m,1,13,Key.shift,R,1738005884.6790776,1738005885.0837452,0.40466761589050293,-0.18584680557250977,-0.28813886642456055,195
Krzysiek22m,1,13,o,Key.shift,1738005885.121388,1738005885.177681,0.05629301071166992,0.4423103332519531,0.037642717361450195,196
Krzysiek22m,1,13,a,o,1738005885.5392654,1738005885.6356957,0.09643030166625977,0.4178774356842041,0.3615844249725342,197
Krzysiek22m,1,13,n,a,1738005887.7828767,1738005887.879174,0.0962972640991211,2.2436113357543945,2.1471810340881348,198
Krzysiek22m,1,13,l,n,1738005887.967455,1738005888.0674121,0.09995722770690918,0.18457818031311035,0.08828091621398926,199
Krzysiek22m,1,13,Key.enter,l,1738005888.1993148,1738005888.3050303,0.10571551322937012,0.23185992240905762,0.13190269470214844,200
Krzysiek22m,1,14,.,Key.enter,1738005889.1206725,1738005889.2379012,0.11722874641418457,0.9213576316833496,,201
Krzysiek22m,1,14,t,.,1738005889.3697104,1738005889.4884377,0.11872720718383789,0.2490379810333252,0.13180923461914062,202
Krzysiek22m,1,14,i,t,1738005889.9417193,1738005890.0502427,0.10852336883544922,0.5720088481903076,0.4532816410064697,203
Krzysiek22m,1,14,e,i,1738005890.0870194,1738005890.194297,0.10727763175964355,0.14530014991760254,0.03677678108215332,204
Krzysiek22m,1,14,5,e,1738005890.4519653,1738005890.5293646,0.07739925384521484,0.3649458885192871,0.25766825675964355,205
Krzysiek22m,1,14,R,5,1738005890.8027418,1738005890.932605,0.12986326217651367,0.35077643394470215,0.2733771800994873,206
Krzysiek22m,1,14,Key.shift,R,1738005890.631355,1738005890.9972913,0.365936279296875,-0.17138671875,-0.30124998092651367,207
Krzysiek22m,1,14,o,Key.shift,1738005891.0696373,1738005891.154618,0.08498072624206543,0.4382822513580322,0.07234597206115723,208
Krzysiek22m,1,14,a,o,1738005891.6377165,1738005891.767366,0.12964940071105957,0.5680792331695557,0.48309850692749023,209
Krzysiek22m,1,14,n,a,1738005893.0565796,1738005893.1573617,0.10078215599060059,1.41886305809021,1.2892136573791504,210
Krzysiek22m,1,14,l,n,1738005893.2545114,1738005893.3498764,0.09536504745483398,0.19793176651000977,0.09714961051940918,211
Krzysiek22m,1,14,Key.enter,l,1738005893.8083932,1738005893.91392,0.10552668571472168,0.5538818836212158,0.45851683616638184,212
Krzysiek22m,1,15,.,Key.enter,1738005895.077274,1738005895.195584,0.11830997467041016,1.268880844116211,,213
Krzysiek22m,1,15,t,.,1738005895.4524848,1738005895.578894,0.12640905380249023,0.3752107620239258,0.2569007873535156,214
Krzysiek22m,1,15,i,t,1738005895.6692846,1738005895.7653902,0.09610557556152344,0.21679973602294922,0.09039068222045898,215
Krzysiek22m,1,15,e,i,1738005895.8061142,1738005895.9261122,0.11999797821044922,0.13682961463928223,0.04072403907775879,216
Krzysiek22m,1,15,5,e,1738005896.3087575,1738005896.388981,0.08022356033325195,0.502643346786499,0.3826453685760498,217
Krzysiek22m,1,15,R,5,1738005896.7114487,1738005896.8454747,0.13402605056762695,0.402691125869751,0.322467565536499,218
Krzysiek22m,1,15,Key.shift,R,1738005896.5495641,1738005896.8987808,0.3492166996002197,-0.16188454627990723,-0.2959105968475342,219
Krzysiek22m,1,15,o,Key.shift,1738005897.016136,1738005897.1165786,0.10044264793395996,0.4665718078613281,0.1173551082611084,220
Krzysiek22m,1,15,a,o,1738005897.1698673,1738005897.2985175,0.12865018844604492,0.1537313461303711,0.05328869819641113,221
Krzysiek22m,1,15,n,a,1738005897.5542169,1738005897.649785,0.09556818008422852,0.3843495845794678,0.25569939613342285,222
Krzysiek22m,1,15,l,n,1738005897.7446015,1738005897.8154101,0.07080864906311035,0.1903846263885498,0.09481644630432129,223
Krzysiek22m,1,15,Key.enter,l,1738005897.9787784,1738005898.0971875,0.1184091567993164,0.2341768741607666,0.16336822509765625,224
Krzysiek22m,1,16,.,Key.enter,1738005898.3338678,1738005898.4344175,0.10054969787597656,0.3550894260406494,,225
Krzysiek22m,1,16,t,.,1738005898.6366975,1738005898.777952,0.14125442504882812,0.3028297424316406,0.20228004455566406,226
Krzysiek22m,1,16,i,t,1738005898.827653,1738005898.9170434,0.08939051628112793,0.19095540046691895,0.04970097541809082,227
Krzysiek22m,1,16,e,i,1738005898.930433,1738005899.0907414,0.1603083610534668,0.10278010368347168,0.01338958740234375,228
Krzysiek22m,1,16,5,e,1738005899.3826323,1738005899.4519503,0.06931805610656738,0.45219922065734863,0.29189085960388184,229
Krzysiek22m,1,16,R,5,1738005899.7060893,1738005899.8322713,0.12618207931518555,0.3234570026397705,0.2541389465332031,230
Krzysiek22m,1,16,Key.shift,R,1738005899.5427427,1738005899.9027755,0.3600327968597412,-0.163346529006958,-0.28952860832214355,231
Krzysiek22m,1,16,o,Key.shift,1738005900.051694,1738005900.1315427,0.0798487663269043,0.5089511871337891,0.14891839027404785,232
Krzysiek22m,1,16,a,o,1738005900.3976936,1738005900.5252948,0.12760114669799805,0.34599971771240234,0.26615095138549805,233
Krzysiek22m,1,16,n,a,1738005901.0536013,1738005901.1335075,0.07990622520446777,0.6559076309204102,0.5283064842224121,234
Krzysiek22m,1,16,l,n,1738005901.2635868,1738005901.3516123,0.08802556991577148,0.20998549461364746,0.1300792694091797,235
Krzysiek22m,1,16,Key.enter,l,1738005901.507106,1738005901.6165195,0.10941338539123535,0.24351930618286133,0.15549373626708984,236
Krzysiek22m,1,17,.,Key.enter,1738005902.791521,1738005902.895721,0.10419988632202148,1.2844150066375732,,237
Krzysiek22m,1,17,Key.shift,.,1738005902.9115753,1738005903.5960734,0.6844980716705322,0.12005424499511719,0.015854358673095703,238
Krzysiek22m,1,17,t,Key.shift,1738005903.7419758,1738005903.8698225,0.12784671783447266,0.8304004669189453,0.14590239524841309,239
Krzysiek22m,1,17,i,t,1738005904.8272882,1738005904.907018,0.07972979545593262,1.0853123664855957,0.957465648651123,240
Krzysiek22m,1,17,e,i,1738005905.8003743,1738005905.8958528,0.09547853469848633,0.9730861186981201,0.8933563232421875,241
Krzysiek22m,1,17,5,e,1738005906.2695487,1738005906.3815455,0.11199688911437988,0.4691743850708008,0.37369585037231445,242
Krzysiek22m,1,17,r,5,1738005906.8162763,1738005906.9482691,0.13199281692504883,0.5467276573181152,0.43473076820373535,243
Krzysiek22m,1,17,o,r,1738005907.0604014,1738005907.152407,0.09200549125671387,0.2441251277923584,0.11213231086730957,244
Krzysiek22m,1,17,Key.backspace,o,1738005909.4619634,1738005909.5384989,0.07653546333312988,2.401561975479126,2.309556484222412,245
Krzysiek22m,1,17,Key.backspace,Key.backspace,1738005909.5972304,1738005909.722143,0.12491250038146973,0.13526701927185059,0.0587315559387207,246
Krzysiek22m,1,17,R,Key.backspace,1738005910.532171,1738005910.648978,0.1168069839477539,0.9349405765533447,0.810028076171875,247
Krzysiek22m,1,17,Key.shift,R,1738005910.312579,1738005910.7137275,0.40114855766296387,-0.21959209442138672,-0.3363990783691406,248
Krzysiek22m,1,17,o,Key.shift,1738005910.925857,1738005911.02182,0.0959630012512207,0.6132781505584717,0.2121295928955078,249
Krzysiek22m,1,17,a,o,1738005911.152081,1738005911.2637208,0.11163973808288574,0.22622394561767578,0.13026094436645508,250
Krzysiek22m,1,17,n,a,1738005911.4250128,1738005911.5038772,0.07886433601379395,0.2729318141937256,0.16129207611083984,251
Krzysiek22m,1,17,l,n,1738005911.6288311,1738005911.710901,0.08206987380981445,0.20381832122802734,0.1249539852142334,252
Krzysiek22m,1,17,Key.enter,l,1738005911.8717988,1738005911.9977963,0.12599754333496094,0.2429676055908203,0.16089773178100586,253
Krzysiek22m,1,18,.,Key.enter,1738005912.9499915,1738005913.0538135,0.10382199287414551,1.0781927108764648,,254
Krzysiek22m,1,18,t,.,1738005913.1929233,1738005913.318049,0.12512564659118652,0.24293184280395508,0.13910984992980957,255
Krzysiek22m,1,18,i,t,1738005913.3734658,1738005913.4692142,0.0957484245300293,0.1805424690246582,0.05541682243347168,256
Krzysiek22m,1,18,e,i,1738005913.487974,1738005913.6036963,0.1157224178314209,0.11450815200805664,0.018759727478027344,257
Krzysiek22m,1,18,5,e,1738005913.8912406,1738005913.986608,0.095367431640625,0.40326666831970215,0.28754425048828125,258
Krzysiek22m,1,18,R,5,1738005914.2328534,1738005914.3497925,0.11693906784057617,0.3416128158569336,0.2462453842163086,259
Krzysiek22m,1,18,Key.shift,R,1738005914.0408072,1738005914.4113739,0.37056660652160645,-0.1920461654663086,-0.30898523330688477,260
Krzysiek22m,1,18,o,Key.shift,1738005914.5572362,1738005914.6372166,0.07998037338256836,0.5164289474487305,0.14586234092712402,261
Krzysiek22m,1,18,a,o,1738005914.7160578,1738005914.834254,0.11819624900817871,0.15882158279418945,0.0788412094116211,262
Krzysiek22m,1,18,n,a,1738005915.2347028,1738005915.322754,0.08805108070373535,0.5186450481414795,0.4004487991333008,263
Krzysiek22m,1,18,l,n,1738005915.4354222,1738005915.5059872,0.07056498527526855,0.20071935653686523,0.11266827583312988,264
Krzysiek22m,1,18,Key.enter,l,1738005915.6414745,1738005915.7466524,0.1051778793334961,0.20605230331420898,0.13548731803894043,265
Krzysiek22m,1,19,.,Key.enter,1738005915.9628022,1738005916.0553048,0.09250259399414062,0.32132768630981445,,266
Krzysiek22m,1,19,t,.,1738005916.32122,1738005916.449213,0.12799310684204102,0.3584177494049072,0.2659151554107666,267
Krzysiek22m,1,19,i,t,1738005916.5326135,1738005916.6297886,0.09717512130737305,0.2113935947418213,0.08340048789978027,268
Krzysiek22m,1,19,e,i,1738005916.6227264,1738005916.7961628,0.17343640327453613,0.09011292457580566,-0.007062196731567383,269
Krzysiek22m,1,19,5,e,1738005917.2270656,1738005917.3092158,0.08215022087097168,0.6043391227722168,0.43090271949768066,270
Krzysiek22m,1,19,R,5,1738005917.482667,1738005917.6075234,0.12485647201538086,0.2556014060974121,0.17345118522644043,271
Krzysiek22m,1,19,Key.shift,R,1738005917.331445,1738005917.6733038,0.3418588638305664,-0.15122199058532715,-0.276078462600708,272
Krzysiek22m,1,19,o,Key.shift,1738005917.7895658,1738005917.8717728,0.08220696449279785,0.45812082290649414,0.11626195907592773,273
Krzysiek22m,1,19,a,o,1738005917.9207778,1738005918.0610251,0.14024734497070312,0.1312119960784912,0.04900503158569336,274
Krzysiek22m,1,19,n,a,1738005918.8933723,1738005918.9886186,0.0952463150024414,0.9725944995880127,0.8323471546173096,275
Krzysiek22m,1,19,l,n,1738005919.066423,1738005919.1550827,0.08865976333618164,0.1730506420135498,0.0778043270111084,276
Krzysiek22m,1,19,Key.enter,l,1738005919.3239534,1738005919.4278808,0.1039273738861084,0.25753045082092285,0.1688706874847412,277
Krzysiek22m,1,20,.,Key.enter,1738005919.6932974,1738005919.8022187,0.10892128944396973,0.36934399604797363,,278
Krzysiek22m,1,20,t,.,1738005920.0090537,1738005920.1325614,0.12350773811340332,0.31575632095336914,0.20683503150939941,279
Krzysiek22m,1,20,i,t,1738005920.2209294,1738005920.3009157,0.0799863338470459,0.21187567710876465,0.08836793899536133,280
Krzysiek22m,1,20,e,i,1738005920.3297956,1738005920.4580612,0.1282656192779541,0.10886621475219727,0.028879880905151367,281
Krzysiek22m,1,20,5,e,1738005920.6966722,1738005920.7443023,0.04763007164001465,0.36687660217285156,0.23861098289489746,282
Krzysiek22m,1,20,R,5,1738005921.044507,1738005921.1814888,0.13698172569274902,0.34783482551574707,0.3002047538757324,283
Krzysiek22m,1,20,Key.shift,R,1738005920.8579636,1738005921.2248,0.3668365478515625,-0.18654346466064453,-0.32352519035339355,284
Krzysiek22m,1,20,o,Key.shift,1738005921.4431021,1738005921.5238698,0.08076763153076172,0.5851385593414307,0.21830201148986816,285
Krzysiek22m,1,20,a,o,1738005921.965385,1738005922.0955591,0.1301741600036621,0.5222828388214111,0.4415152072906494,286
Krzysiek22m,1,20,n,a,1738005922.1962337,1738005922.2916996,0.09546589851379395,0.2308487892150879,0.10067462921142578,287
Krzysiek22m,1,20,l,n,1738005922.4210122,1738005922.5015547,0.08054256439208984,0.224778413772583,0.12931251525878906,288
Krzysiek22m,1,20,Key.enter,l,1738005922.718851,1738005922.8306453,0.11179423332214355,0.2978389263153076,0.21729636192321777,289
Krzysiek22m,1,21,.,Key.enter,1738005923.1982868,1738005923.2875857,0.08929896354675293,0.47943568229675293,,290
Krzysiek22m,1,21,t,.,1738005923.532787,1738005923.6491044,0.1163172721862793,0.3345003128051758,0.24520134925842285,291
Krzysiek22m,1,21,i,t,1738005923.733269,1738005923.8159013,0.08263230323791504,0.20048189163208008,0.08416461944580078,292
Krzysiek22m,1,21,e,i,1738005923.8228216,1738005923.9554508,0.1326291561126709,0.08955264091491699,0.006920337677001953,293
Krzysiek22m,1,21,5,e,1738005924.1899133,1738005924.2605598,0.07064652442932129,0.36709165573120117,0.23446249961853027,294
Krzysiek22m,1,21,R,5,1738005924.5170827,1738005924.6186707,0.10158801078796387,0.32716941833496094,0.25652289390563965,295
Krzysiek22m,1,21,Key.shift,R,1738005924.3291,1738005924.676116,0.3470160961151123,-0.18798279762268066,-0.28957080841064453,296
Krzysiek22m,1,21,o,Key.shift,1738005924.784894,1738005924.8350477,0.05015373229980469,0.455794095993042,0.10877799987792969,297
Krzysiek22m,1,21,a,o,1738005924.9072468,1738005925.030736,0.1234891414642334,0.12235283851623535,0.07219910621643066,298
Krzysiek22m,1,21,n,a,1738005926.67065,1738005926.7669044,0.09625434875488281,1.7634031772613525,1.6399140357971191,299
Krzysiek22m,1,21,l,n,1738005926.8783925,1738005926.9666321,0.08823966979980469,0.20774245262145996,0.11148810386657715,300
Krzysiek22m,1,21,Key.enter,l,1738005927.1126916,1738005927.2236853,0.11099362373352051,0.2342991828918457,0.14605951309204102,301
Krzysiek22m,1,22,.,Key.enter,1738005927.4605956,1738005927.5715106,0.11091494560241699,0.3479039669036865,,302
Krzysiek22m,1,22,t,.,1738005927.8312144,1738005927.9817288,0.1505143642425537,0.3706188201904297,0.2597038745880127,303
Krzysiek22m,1,22,i,t,1738005928.0444872,1738005928.1203525,0.07586526870727539,0.2132728099822998,0.0627584457397461,304
Krzysiek22m,1,22,e,i,1738005928.1447918,1738005928.287455,0.14266324043273926,0.10030460357666016,0.024439334869384766,305
Krzysiek22m,1,22,5,e,1738005928.5442543,1738005928.6211185,0.07686424255371094,0.3994624614715576,0.25679922103881836,306
Krzysiek22m,1,22,R,5,1738005928.8478346,1738005928.9666603,0.11882567405700684,0.30358028411865234,0.2267160415649414,307
Krzysiek22m,1,22,Key.shift,R,1738005928.6758738,1738005929.0287788,0.3529050350189209,-0.17196083068847656,-0.2907865047454834,308
Krzysiek22m,1,22,o,Key.shift,1738005929.1422627,1738005929.222093,0.07983040809631348,0.4663889408111572,0.11348390579223633,309
Krzysiek22m,1,22,a,o,1738005929.2992005,1738005929.418778,0.11957740783691406,0.156937837600708,0.07710742950439453,310
Krzysiek22m,1,22,n,a,1738005929.6857085,1738005929.7815003,0.09579181671142578,0.3865079879760742,0.26693058013916016,311
Krzysiek22m,1,22,l,n,1738005929.8933015,1738005929.9816678,0.08836627006530762,0.20759296417236328,0.1118011474609375,312
Krzysiek22m,1,22,Key.enter,l,1738005930.1455815,1738005930.2581527,0.11257123947143555,0.25227999687194824,0.16391372680664062,313
Krzysiek22m,1,23,.,Key.enter,1738005930.4750278,1738005930.5816894,0.10666155815124512,0.32944631576538086,,314
Krzysiek22m,1,23,t,.,1738005930.8126562,1738005930.9382212,0.1255650520324707,0.3376283645629883,0.23096680641174316,315
Krzysiek22m,1,23,i,t,1738005931.014561,1738005931.1079578,0.09339690208435059,0.2019047737121582,0.0763397216796875,316
Krzysiek22m,1,23,e,i,1738005931.1079578,1738005931.225845,0.11788725852966309,0.09339690208435059,0.0,317
Krzysiek22m,1,23,5,e,1738005931.5261366,1738005931.620021,0.09388446807861328,0.4181787967681885,0.3002915382385254,318
Krzysiek22m,1,23,R,5,1738005931.8494,1738005931.9743876,0.12498760223388672,0.32326340675354004,0.22937893867492676,319
Krzysiek22m,1,23,Key.shift,R,1738005931.6554441,1738005931.9901085,0.33466434478759766,-0.1939558982849121,-0.31894350051879883,320
Krzysiek22m,1,23,o,Key.shift,1738005932.1100292,1738005932.1919134,0.08188414573669434,0.45458507537841797,0.11992073059082031,321
Krzysiek22m,1,23,a,o,1738005932.2910943,1738005932.3971977,0.10610342025756836,0.18106508255004883,0.09918093681335449,322
Krzysiek22m,1,23,n,a,1738005932.7412453,1738005932.8340645,0.0928192138671875,0.4501509666442871,0.34404754638671875,323
Krzysiek22m,1,23,l,n,1738005932.924671,1738005933.015399,0.0907280445098877,0.1834256649017334,0.0906064510345459,324
Krzysiek22m,1,23,Key.enter,l,1738005933.1565018,1738005933.2775133,0.12101149559020996,0.23183083534240723,0.14110279083251953,325
Krzysiek22m,1,24,.,Key.enter,1738005933.595993,1738005933.676596,0.08060288429260254,0.43949127197265625,,326
Krzysiek22m,1,24,Key.shift,.,1738005933.8531685,1738005934.307284,0.454115629196167,0.2571754455566406,0.17657256126403809,327
Krzysiek22m,1,24,t,Key.shift,1738005934.667805,1738005934.7786539,0.11084890365600586,0.8146364688873291,0.3605208396911621,328
Krzysiek22m,1,24,i,t,1738005935.4788265,1738005935.5843904,0.10556387901306152,0.8110215663909912,0.7001726627349854,329
Krzysiek22m,1,24,r,i,1738005935.6431024,1738005935.770699,0.12759661674499512,0.1642758846282959,0.058712005615234375,330
Krzysiek22m,1,24,Key.backspace,r,1738005936.2213275,1738005936.3325214,0.11119389533996582,0.5782251358032227,0.45062851905822754,331
Krzysiek22m,1,24,e,Key.backspace,1738005936.316716,1738005936.4104786,0.09376263618469238,0.09538841247558594,-0.015805482864379883,332
Krzysiek22m,1,24,5,e,1738005937.3715954,1738005937.461538,0.08994269371032715,1.0548794269561768,0.9611167907714844,333
Krzysiek22m,1,24,R,5,1738005937.6547277,1738005937.7599726,0.10524487495422363,0.28313231468200684,0.1931896209716797,334
Krzysiek22m,1,24,Key.shift,R,1738005937.5007129,1738005937.8148339,0.3141210079193115,-0.15401482582092285,-0.2592597007751465,335
Krzysiek22m,1,24,o,Key.shift,1738005937.9124668,1738005937.9788086,0.06634187698364258,0.41175389289855957,0.09763288497924805,336
Krzysiek22m,1,24,a,o,1738005938.064019,1738005938.1667924,0.10277342796325684,0.1515522003173828,0.08521032333374023,337
Krzysiek22m,1,24,n,a,1738005938.4543352,1738005938.5507724,0.09643721580505371,0.3903162479400635,0.28754281997680664,338
Krzysiek22m,1,24,l,n,1738005938.6298752,1738005938.7318769,0.10200166702270508,0.17553997039794922,0.07910275459289551,339
Krzysiek22m,1,24,Key.enter,l,1738005938.88687,1738005938.9836535,0.09678363800048828,0.25699472427368164,0.15499305725097656,340
Krzysiek22m,1,25,.,Key.enter,1738005939.2959511,1738005939.3838642,0.08791303634643555,0.40908122062683105,,341
Krzysiek22m,1,25,t,.,1738005939.6876044,1738005939.8131433,0.12553882598876953,0.39165329933166504,0.3037402629852295,342
Krzysiek22m,1,25,i,t,1738005939.9042807,1738005939.9872792,0.08299851417541504,0.2166762351989746,0.09113740921020508,343
Krzysiek22m,1,25,e,i,1738005940.0019495,1738005940.1260293,0.12407970428466797,0.09766888618469238,0.014670372009277344,344
Krzysiek22m,1,25,5,e,1738005940.5146213,1738005940.597548,0.08292675018310547,0.512671709060669,0.388592004776001,345
Krzysiek22m,1,25,R,5,1738005940.8614771,1738005940.9718153,0.11033821105957031,0.34685587882995605,0.2639291286468506,346
Krzysiek22m,1,25,Key.shift,R,1738005940.660914,1738005941.014123,0.3532090187072754,-0.2005631923675537,-0.310901403427124,347
Krzysiek22m,1,25,o,Key.shift,1738005941.1457665,1738005941.220901,0.0751345157623291,0.48485255241394043,0.13164353370666504,348
Krzysiek22m,1,25,a,o,1738005941.2895546,1738005941.4233234,0.13376879692077637,0.14378809928894043,0.06865358352661133,349
Krzysiek22m,1,25,n,a,1738005941.6188781,1738005941.6838384,0.06496024131774902,0.32932353019714355,0.1955547332763672,350
Krzysiek22m,1,25,l,n,1738005941.8040018,1738005941.8858933,0.08189153671264648,0.18512368202209473,0.1201634407043457,351
Krzysiek22m,1,25,Key.enter,l,1738005942.0653405,1738005942.1796498,0.11430931091308594,0.2613387107849121,0.17944717407226562,352
Krzysiek22m,1,26,.,Key.enter,1738005942.4753008,1738005942.5478106,0.072509765625,0.4099602699279785,,353
Krzysiek22m,1,26,t,.,1738005943.09763,1738005943.229416,0.13178586959838867,0.6223292350769043,0.5498194694519043,354
Krzysiek22m,1,26,i,t,1738005943.3503654,1738005943.4383812,0.08801579475402832,0.2527353763580322,0.12094950675964355,355
Krzysiek22m,1,26,e,i,1738005943.4648862,1738005943.5832398,0.11835360527038574,0.11452078819274902,0.026504993438720703,356
Krzysiek22m,1,26,5,e,1738005943.9778998,1738005944.077727,0.09982728958129883,0.5130136013031006,0.39465999603271484,357
Krzysiek22m,1,26,R,5,1738005944.347919,1738005944.458705,0.11078596115112305,0.37001919746398926,0.27019190788269043,358
Krzysiek22m,1,26,Key.shift,R,1738005944.1574233,1738005944.4975276,0.340104341506958,-0.19049572944641113,-0.3012816905975342,359
Krzysiek22m,1,26,o,Key.shift,1738005944.8543377,1738005944.9349658,0.0806281566619873,0.6969144344329834,0.3568100929260254,360
Krzysiek22m,1,26,a,o,1738005945.129159,1738005945.2406335,0.11147451400756836,0.27482128143310547,0.19419312477111816,361
Krzysiek22m,1,26,n,a,1738005945.681219,1738005945.7791917,0.09797263145446777,0.5520601272583008,0.4405856132507324,362
Krzysiek22m,1,26,l,n,1738005945.891632,1738005945.964351,0.07271885871887207,0.21041297912597656,0.11244034767150879,363
Krzysiek22m,1,26,Key.enter,l,1738005946.1068788,1738005946.2120721,0.1051933765411377,0.21524667739868164,0.14252781867980957,364
Krzysiek22m,1,27,.,Key.enter,1738005946.4376912,1738005946.5213883,0.08369708061218262,0.3308124542236328,,365
Krzysiek22m,1,27,t,.,1738005946.7915447,1738005946.8944955,0.1029508113861084,0.3538534641265869,0.2701563835144043,366
Krzysiek22m,1,27,i,t,1738005946.9718268,1738005947.066495,0.09466814994812012,0.1802821159362793,0.0773313045501709,367
Krzysiek22m,1,27,e,i,1738005947.0786476,1738005947.2214572,0.14280962944030762,0.10682082176208496,0.012152671813964844,368
Krzysiek22m,1,27,5,e,1738005947.4996252,1738005947.5927296,0.09310436248779297,0.4209775924682617,0.2781679630279541,369
Krzysiek22m,1,27,R,5,1738005947.8358812,1738005947.9491343,0.11325311660766602,0.3362560272216797,0.24315166473388672,370
Krzysiek22m,1,27,Key.shift,R,1738005947.63116,1738005947.987339,0.35617899894714355,-0.20472121238708496,-0.317974328994751,371
Krzysiek22m,1,27,o,Key.shift,1738005948.1316721,1738005948.2114804,0.07980823516845703,0.5005121231079102,0.1443331241607666,372
Krzysiek22m,1,27,a,o,1738005948.3158407,1738005948.4350126,0.1191718578338623,0.18416857719421387,0.10436034202575684,373
Krzysiek22m,1,27,n,a,1738005948.577958,1738005948.6572492,0.07929110527038574,0.2621173858642578,0.1429455280303955,374
Krzysiek22m,1,27,l,n,1738005948.780947,1738005948.8629663,0.08201932907104492,0.202988862991333,0.12369775772094727,375
Krzysiek22m,1,27,Key.enter,l,1738005949.0635395,1738005949.1747544,0.11121487617492676,0.2825925350189209,0.20057320594787598,376
Krzysiek22m,1,28,.,Key.enter,1738005950.0835006,1738005950.165129,0.08162832260131836,1.0199611186981201,,377
Krzysiek22m,1,28,t,.,1738005950.3681834,1738005950.4646585,0.09647512435913086,0.2846827507019043,0.20305442810058594,378
Krzysiek22m,1,28,i,t,1738005950.9399154,1738005951.0197208,0.07980537414550781,0.5717320442199707,0.47525691986083984,379
Krzysiek22m,1,28,e,i,1738005951.266101,1738005951.3785853,0.11248445510864258,0.3261854648590088,0.24638009071350098,380
Krzysiek22m,1,28,5,e,1738005951.5919511,1738005951.6399045,0.04795336723327637,0.325850248336792,0.21336579322814941,381
Krzysiek22m,1,28,R,5,1738005951.9108555,1738005952.0327132,0.1218576431274414,0.31890439987182617,0.2709510326385498,382
Krzysiek22m,1,28,Key.shift,R,1738005951.7687244,1738005952.078729,0.31000447273254395,-0.14213109016418457,-0.263988733291626,383
Krzysiek22m,1,28,o,Key.shift,1738005952.1738062,1738005952.246782,0.07297587394714355,0.40508174896240234,0.0950772762298584,384
Krzysiek22m,1,28,a,o,1738005952.3116095,1738005952.4648023,0.15319275856018066,0.137803316116333,0.06482744216918945,385
Krzysiek22m,1,28,n,a,1738005952.5920842,1738005952.6672218,0.07513761520385742,0.2804746627807617,0.12728190422058105,386
Krzysiek22m,1,28,l,n,1738005952.785275,1738005952.8664804,0.08120536804199219,0.1931908130645752,0.11805319786071777,387
Krzysiek22m,1,28,Key.enter,l,1738005953.0144885,1738005953.113037,0.09854865074157715,0.22921347618103027,0.14800810813903809,388
Krzysiek22m,1,29,.,Key.enter,1738005953.3892891,1738005953.4635289,0.07423973083496094,0.3748006820678711,,389
Krzysiek22m,1,29,t,.,1738005953.6888535,1738005953.8111444,0.12229084968566895,0.2995643615722656,0.2253246307373047,390
Krzysiek22m,1,29,i,t,1738005953.8807418,1738005953.9637756,0.08303380012512207,0.19188833236694336,0.06959748268127441,391
Krzysiek22m,1,29,e,i,1738005953.9778738,1738005954.1034474,0.12557363510131836,0.09713196754455566,0.014098167419433594,392
Krzysiek22m,1,29,5,e,1738005954.663967,1738005954.755147,0.09118008613586426,0.6860930919647217,0.5605194568634033,393
Krzysiek22m,1,29,R,5,1738005954.9823842,1738005955.1242213,0.14183712005615234,0.3184173107147217,0.22723722457885742,394
Krzysiek22m,1,29,Key.shift,R,1738005954.8307989,1738005955.1250768,0.2942779064178467,-0.15158534049987793,-0.2934224605560303,395
Krzysiek22m,1,29,o,Key.shift,1738005955.2696795,1738005955.3451338,0.0754542350769043,0.43888068199157715,0.14460277557373047,396
Krzysiek22m,1,29,a,o,1738005955.3948956,1738005955.5326815,0.1377859115600586,0.12521600723266602,0.04976177215576172,397
Krzysiek22m,1,29,n,a,1738005955.6746955,1738005955.7546782,0.07998275756835938,0.2797999382019043,0.1420140266418457,398
Krzysiek22m,1,29,l,n,1738005955.8770294,1738005955.94093,0.06390047073364258,0.20233392715454102,0.12235116958618164,399
Krzysiek22m,1,29,Key.enter,l,1738005956.1016858,1738005956.205557,0.10387134552001953,0.224656343460083,0.16075587272644043,400
Krzysiek22m,1,30,.,Key.enter,1738005956.5252125,1738005956.6296096,0.10439705848693848,0.4235267639160156,,401
Krzysiek22m,1,30,t,.,1738005957.0541317,1738005957.164654,0.11052227020263672,0.5289192199707031,0.42452216148376465,402
Krzysiek22m,1,30,i,t,1738005957.2901273,1738005957.3594174,0.0692901611328125,0.23599553108215332,0.1254732608795166,403
Krzysiek22m,1,30,e,i,1738005957.3731804,1738005957.5046594,0.13147902488708496,0.0830531120300293,0.013762950897216797,404
Krzysiek22m,1,30,5,e,1738005957.8288155,1738005957.8927612,0.06394577026367188,0.45563507080078125,0.3241560459136963,405
Krzysiek22m,1,30,R,5,1738005958.4947333,1738005958.6150317,0.12029838562011719,0.6659178733825684,0.6019721031188965,406
Krzysiek22m,1,30,Key.shift,R,1738005958.2062526,1738005958.679525,0.47327232360839844,-0.2884807586669922,-0.4087791442871094,407
Krzysiek22m,1,30,o,Key.shift,1738005958.8022628,1738005958.8821223,0.07985949516296387,0.5960102081298828,0.12273788452148438,408
Krzysiek22m,1,30,a,o,1738005959.0106342,1738005959.1617475,0.15111327171325684,0.20837140083312988,0.12851190567016602,409
Krzysiek22m,1,30,n,a,1738005959.3376088,1738005959.417899,0.08029007911682129,0.32697463035583496,0.17586135864257812,410
Krzysiek22m,1,30,l,n,1738005959.5427206,1738005959.6346555,0.0919349193572998,0.20511174201965332,0.12482166290283203,411
Krzysiek22m,1,30,Key.enter,l,1738005959.7778428,1738005959.875218,0.09737515449523926,0.2351222038269043,0.1431872844696045,412
Krzysiek22m,1,31,.,Key.enter,1738005960.1523714,1738005960.255465,0.10309362411499023,0.3745286464691162,,413
Krzysiek22m,1,31,Key.shift,.,1738005960.6958222,1738005960.865876,0.17005372047424316,0.5434508323669434,0.4403572082519531,414
Krzysiek22m,1,31,T,Key.shift,1738005961.2410252,1738005961.4175813,0.17655611038208008,0.5452029705047607,0.3751492500305176,415
Krzysiek22m,1,31,Key.shift,T,1738005960.9285905,1738005961.4323664,0.5037758350372314,-0.31243467330932617,-0.48899078369140625,416
Krzysiek22m,1,31,i,Key.shift,1738005961.513674,1738005961.5938396,0.08016562461853027,0.5850834846496582,0.08130764961242676,417
Krzysiek22m,1,31,Key.backspace,i,1738005962.7720428,1738005962.879939,0.10789632797241211,1.258368730545044,1.1782031059265137,418
Krzysiek22m,1,31,Key.backspace,Key.backspace,1738005962.9222999,1738005963.0327845,0.11048460006713867,0.15025711059570312,0.042360782623291016,419
Krzysiek22m,1,31,t,Key.backspace,1738005963.297165,1738005963.409313,0.11214804649353027,0.3748650550842285,0.26438045501708984,420
Krzysiek22m,1,31,i,t,1738005963.585973,1738005963.6499166,0.06394362449645996,0.28880810737609863,0.17666006088256836,421
Krzysiek22m,1,31,e,i,1738005963.8068829,1738005963.9148257,0.10794281959533691,0.22090983390808105,0.1569662094116211,422
Krzysiek22m,1,31,5,e,1738005964.15786,1738005964.2568989,0.09903883934020996,0.35097718238830566,0.24303436279296875,423
Krzysiek22m,1,31,R,5,1738005964.6077394,1738005964.7312415,0.12350201606750488,0.44987940788269043,0.35084056854248047,424
Krzysiek22m,1,31,Key.shift,R,1738005964.4572752,1738005964.7312415,0.27396631240844727,-0.15046429634094238,-0.27396631240844727,425
Krzysiek22m,1,31,o,Key.shift,1738005965.2407298,1738005965.330358,0.08962821960449219,0.7834546566009521,0.5094883441925049,426
Krzysiek22m,1,31,a,o,1738005965.4071605,1738005965.5233622,0.11620163917541504,0.16643071174621582,0.07680249214172363,427
Krzysiek22m,1,31,n,a,1738005965.6002488,1738005965.6976273,0.09737849235534668,0.19308829307556152,0.07688665390014648,428
Krzysiek22m,1,31,l,n,1738005966.4278793,1738005966.532098,0.10421872138977051,0.8276305198669434,0.7302520275115967,429
Krzysiek22m,1,31,Key.enter,l,1738005966.702394,1738005966.8217037,0.11930966377258301,0.27451467514038086,0.17029595375061035,430
Krzysiek22m,1,32,.,Key.enter,1738005974.790402,1738005974.885651,0.09524917602539062,8.088007926940918,,431
Krzysiek22m,1,32,t,.,1738005974.9924748,1738005975.0950813,0.10260653495788574,0.2020728588104248,0.10682368278503418,432
Krzysiek22m,1,32,i,t,1738005975.2278874,1738005975.3017697,0.0738823413848877,0.23541259765625,0.13280606269836426,433
Krzysiek22m,1,32,e,i,1738005975.5099995,1738005975.6091034,0.09910392761230469,0.28211212158203125,0.20822978019714355,434
Krzysiek22m,1,32,5,e,1738005975.9740474,1738005976.0782464,0.10419893264770508,0.464047908782959,0.3649439811706543,435
Krzysiek22m,1,32,R,5,1738005976.3304498,1738005976.444138,0.11368823051452637,0.3564023971557617,0.25220346450805664,436
Krzysiek22m,1,32,Key.shift,R,1738005976.1615753,1738005976.483524,0.321948766708374,-0.16887450218200684,-0.2825627326965332,437
Krzysiek22m,1,32,o,Key.shift,1738005976.5595717,1738005976.6396613,0.08008956909179688,0.3979964256286621,0.07604765892028809,438
Krzysiek22m,1,32,a,o,1738005976.6681163,1738005976.7807846,0.11266827583312988,0.10854458808898926,0.028455018997192383,439
Krzysiek22m,1,32,n,a,1738005977.093539,1738005977.190847,0.09730792045593262,0.42542266845703125,0.31275439262390137,440
Krzysiek22m,1,32,l,n,1738005977.277385,1738005977.3786619,0.10127687454223633,0.18384599685668945,0.08653807640075684,441
Krzysiek22m,1,32,Key.enter,l,1738005977.8341982,1738005977.9459467,0.11174845695495605,0.5568132400512695,0.4555363655090332,442
Krzysiek22m,1,33,.,Key.enter,1738005978.2317657,1738005978.3448267,0.11306095123291016,0.3975675106048584,,443
Krzysiek22m,1,33,t,.,1738005978.6136222,1738005978.7438536,0.13023138046264648,0.38185644149780273,0.2687954902648926,444
Krzysiek22m,1,33,i,t,1738005978.7984197,1738005978.90741,0.10899019241333008,0.1847975254058838,0.054566144943237305,445
Krzysiek22m,1,33,e,i,1738005978.90741,1738005979.0329528,0.12554287910461426,0.10899019241333008,0.0,446
Krzysiek22m,1,33,5,e,1738005979.243938,1738005979.3423154,0.09837746620178223,0.33652806282043457,0.2109851837158203,447
Krzysiek22m,1,33,R,5,1738005979.5445967,1738005979.6589463,0.1143496036529541,0.3006587028503418,0.20228123664855957,448
Krzysiek22m,1,33,Key.shift,R,1738005979.3690095,1738005979.7108686,0.3418591022491455,-0.17558717727661133,-0.28993678092956543,449
Krzysiek22m,1,33,o,Key.shift,1738005979.7942693,1738005979.8707466,0.0764772891998291,0.4252598285675049,0.08340072631835938,450
Krzysiek22m,1,33,a,o,1738005979.9041462,1738005980.0638754,0.1597292423248291,0.10987687110900879,0.03339958190917969,451
Krzysiek22m,1,33,n,a,1738005980.2425463,1738005980.313626,0.07107973098754883,0.33840012550354004,0.17867088317871094,452
Krzysiek22m,1,33,l,n,1738005980.43276,1738005980.5140462,0.08128619194030762,0.19021368026733398,0.11913394927978516,453
Krzysiek22m,1,33,Key.enter,l,1738005980.6695797,1738005980.7710264,0.10144662857055664,0.23681974411010742,0.1555335521697998,454
Krzysiek22m,1,34,.,Key.enter,1738005981.036464,1738005981.1327374,0.09627342224121094,0.3668842315673828,,455
Krzysiek22m,1,34,t,.,1738005981.3152168,1738005981.4472585,0.13204169273376465,0.27875280380249023,0.1824793815612793,456
Krzysiek22m,1,34,i,t,1738005981.5080378,1738005981.607215,0.09917712211608887,0.19282102584838867,0.06077933311462402,457
Krzysiek22m,1,34,e,i,1738005981.6189182,1738005981.74873,0.12981176376342773,0.11088037490844727,0.011703252792358398,458
Krzysiek22m,1,34,5,e,1738005981.9755018,1738005982.048207,0.07270526885986328,0.3565835952758789,0.22677183151245117,459
Krzysiek22m,1,34,R,5,1738005982.3026583,1738005982.415877,0.11321878433227539,0.32715654373168945,0.25445127487182617,460
Krzysiek22m,1,34,Key.shift,R,1738005982.1197135,1738005982.4718695,0.3521559238433838,-0.18294477462768555,-0.29616355895996094,461
Krzysiek22m,1,34,o,Key.shift,1738005982.57863,1738005982.6446562,0.06602621078491211,0.45891642570495605,0.10676050186157227,462
Krzysiek22m,1,34,a,o,1738005982.7224197,1738005982.8527913,0.1303715705871582,0.14378976821899414,0.07776355743408203,463
Krzysiek22m,1,34,n,a,1738005983.3093479,1738005983.3890178,0.07966995239257812,0.586928129196167,0.4565565586090088,464
Krzysiek22m,1,34,l,n,1738005983.5095172,1738005983.5896013,0.08008408546447754,0.20016932487487793,0.1204993724822998,465
Krzysiek22m,1,34,Key.enter,l,1738005983.7749388,1738005983.8586676,0.08372879028320312,0.26542162895202637,0.18533754348754883,466
Krzysiek22m,1,35,.,Key.enter,1738005984.1163142,1738005984.2119365,0.09562230110168457,0.34137535095214844,,467
Krzysiek22m,1,35,t,.,1738005984.3897798,1738005984.5087225,0.1189427375793457,0.273465633392334,0.17784333229064941,468
Krzysiek22m,1,35,i,t,1738005984.591056,1738005984.687011,0.09595489501953125,0.20127630233764648,0.08233356475830078,469
Krzysiek22m,1,35,e,i,1738005984.6881719,1738005984.8229349,0.13476300239562988,0.09711575508117676,0.0011608600616455078,470
Krzysiek22m,1,35,5,e,1738005985.522495,1738005985.6028676,0.08037257194519043,0.8343231678009033,0.6995601654052734,471
Krzysiek22m,1,35,t,5,1738005985.7224112,1738005985.8225727,0.10016155242919922,0.19991612434387207,0.11954355239868164,472
Krzysiek22m,1,35,Key.backspace,t,1738005986.4320583,1738005986.513977,0.08191871643066406,0.7096471786499023,0.6094856262207031,473
Krzysiek22m,1,35,R,Key.backspace,1738005986.715792,1738005986.8035831,0.08779120445251465,0.283733606338501,0.20181488990783691,474
Krzysiek22m,1,35,Key.shift,R,1738005986.547761,1738005986.8687813,0.32102036476135254,-0.1680309772491455,-0.25582218170166016,475
Krzysiek22m,1,35,o,Key.shift,1738005987.3342035,1738005987.4298894,0.09568595886230469,0.7864425182342529,0.4654221534729004,476
Krzysiek22m,1,35,a,o,1738005987.5256524,1738005987.6054251,0.0797727108001709,0.19144892692565918,0.09576296806335449,477
Krzysiek22m,1,35,n,a,1738005988.1913106,1738005988.2866156,0.09530496597290039,0.6656582355499268,0.5858855247497559,478
Krzysiek22m,1,35,l,n,1738005988.3992941,1738005988.4795601,0.08026599884033203,0.20798349380493164,0.11267852783203125,479
Krzysiek22m,1,35,Key.enter,l,1738005988.6241498,1738005988.728703,0.10455322265625,0.22485566139221191,0.14458966255187988,480
Krzysiek22m,1,36,.,Key.enter,1738005988.9432015,1738005989.0405796,0.09737801551818848,0.31905174255371094,,481
Krzysiek22m,1,36,t,.,1738005989.2794788,1738005989.4065363,0.12705755233764648,0.3362772464752197,0.23889923095703125,482
Krzysiek22m,1,36,i,t,1738005989.8550727,1738005989.9585783,0.10350561141967773,0.5755939483642578,0.44853639602661133,483
Krzysiek22m,1,36,e,i,1738005989.9743545,1738005990.0828083,0.10845375061035156,0.11928176879882812,0.01577615737915039,484
Krzysiek22m,1,36,5,e,1738005990.3099878,1738005990.4095972,0.099609375,0.3356332778930664,0.22717952728271484,485
Krzysiek22m,1,36,R,5,1738005990.5854745,1738005990.714408,0.12893342971801758,0.27548670768737793,0.17587733268737793,486
Krzysiek22m,1,36,Key.shift,R,1738005990.4577756,1738005990.7639341,0.30615854263305664,-0.1276988983154297,-0.25663232803344727,487
Krzysiek22m,1,36,o,Key.shift,1738005990.8365111,1738005990.9199927,0.0834815502166748,0.3787355422973633,0.07257699966430664,488
Krzysiek22m,1,36,a,o,1738005990.960124,1738005991.0675561,0.10743212699890137,0.12361288070678711,0.040131330490112305,489
Krzysiek22m,1,36,l,a,1738005991.2089462,1738005991.320142,0.11119580268859863,0.24882221221923828,0.14139008522033691,490
Krzysiek22m,1,36,n,l,1738005991.4924228,1738005991.6028833,0.11046051979064941,0.2834765911102295,0.17228078842163086,491
Krzysiek22m,1,36,i,n,1738005991.7092257,1738005991.8086865,0.09946084022521973,0.21680283546447754,0.10634231567382812,492
Krzysiek22m,1,36,Key.enter,i,1738005992.190769,1738005992.3109133,0.12014436721801758,0.48154330253601074,0.382082462310791,493
Krzysiek22m,1,36,.,Key.enter,1738005993.2806726,1738005993.3815453,0.10087275505065918,1.0899035930633545,,494
Krzysiek22m,1,36,t,.,1738005993.6111982,1738005993.7395062,0.12830805778503418,0.33052563667297363,0.22965288162231445,495
Krzysiek22m,1,36,i,t,1738005993.8528335,1738005993.950766,0.09793257713317871,0.24163532257080078,0.1133272647857666,496
Krzysiek22m,1,36,e,i,1738005994.0061173,1738005994.1131556,0.10703825950622559,0.15328383445739746,0.05535125732421875,497
Krzysiek22m,1,36,5,e,1738005995.8165731,1738005995.9022965,0.0857234001159668,1.8104557991027832,1.7034175395965576,498
Krzysiek22m,1,36,R,5,1738005996.1610482,1738005996.2682662,0.10721802711486816,0.34447503089904785,0.25875163078308105,499
Krzysiek22m,1,36,Key.shift,R,1738005996.0122507,1738005996.3348768,0.32262611389160156,-0.14879751205444336,-0.2560155391693115,500
Krzysiek22m,1,36,o,Key.shift,1738005996.4555793,1738005996.552094,0.09651470184326172,0.4433286190032959,0.12070250511169434,501
Krzysiek22m,1,36,a,o,1738005996.6887121,1738005996.8138788,0.125166654586792,0.23313283920288086,0.13661813735961914,502
Krzysiek22m,1,36,n,a,1738005996.9792101,1738005997.076681,0.09747076034545898,0.2904980182647705,0.16533136367797852,503
Krzysiek22m,1,36,l,n,1738005997.194675,1738005997.260514,0.06583905220031738,0.21546483039855957,0.11799407005310059,504
Krzysiek22m,1,36,Key.enter,l,1738005997.4322314,1738005997.519159,0.08692765235900879,0.23755645751953125,0.17171740531921387,505
Krzysiek22m,1,37,.,Key.enter,1738005998.8323562,1738005998.924898,0.09254169464111328,1.4001247882843018,,506
Krzysiek22m,1,37,t,.,1738005999.038355,1738005999.1485395,0.1101844310760498,0.20599889755249023,0.11345720291137695,507
Krzysiek22m,1,37,i,t,1738005999.2574315,1738005999.3640587,0.10662722587585449,0.21907639503479004,0.10889196395874023,508
Krzysiek22m,1,37,e,i,1738005999.3812718,1738005999.4668386,0.08556675910949707,0.12384033203125,0.017213106155395508,509
Krzysiek22m,1,37,5,e,1738005999.820891,1738005999.9025264,0.0816354751586914,0.4396190643310547,0.3540523052215576,510
Krzysiek22m,1,37,R,5,1738006000.0971286,1738006000.2057877,0.10865902900695801,0.27623772621154785,0.19460225105285645,511
Krzysiek22m,1,37,Key.shift,R,1738005999.9536946,1738006000.2057877,0.2520930767059326,-0.1434340476989746,-0.2520930767059326,512
Krzysiek22m,1,37,o,Key.shift,1738006000.545033,1738006000.650556,0.10552310943603516,0.5913383960723877,0.3392453193664551,513
Krzysiek22m,1,37,a,o,1738006000.7474096,1738006000.8509953,0.10358572006225586,0.2023766040802002,0.09685349464416504,514
Krzysiek22m,1,37,n,a,1738006001.093366,1738006001.178752,0.08538603782653809,0.34595632553100586,0.24237060546875,515
Krzysiek22m,1,37,l,n,1738006001.2553637,1738006001.3523412,0.09697747230529785,0.16199779510498047,0.07661175727844238,516
Krzysiek22m,1,37,Key.enter,l,1738006001.4807117,1738006001.5665975,0.08588576316833496,0.22534799575805664,0.1283705234527588,517
Krzysiek22m,1,38,.,Key.enter,1738006003.958007,1738006004.0861998,0.12819266319274902,2.477295398712158,,518
Krzysiek22m,1,38,t,.,1738006004.371638,1738006004.4779422,0.10630416870117188,0.41363096237182617,0.28543829917907715,519
Krzysiek22m,1,38,i,t,1738006004.5336826,1738006004.6331787,0.09949612617492676,0.16204452514648438,0.0557403564453125,520
Krzysiek22m,1,38,e,i,1738006005.2353559,1738006005.3597653,0.12440943717956543,0.7016732692718506,0.6021771430969238,521
Krzysiek22m,1,38,5,e,1738006005.570046,1738006005.6495445,0.0794985294342041,0.3346900939941406,0.2102806568145752,522
Krzysiek22m,1,38,R,5,1738006006.0585005,1738006006.1854763,0.12697577476501465,0.48845458030700684,0.40895605087280273,523
Krzysiek22m,1,38,Key.shift,R,1738006005.9001453,1738006006.2504666,0.35032129287719727,-0.1583552360534668,-0.28533101081848145,524
Krzysiek22m,1,38,o,Key.shift,1738006006.4132304,1738006006.4896126,0.07638216018676758,0.513085126876831,0.1627638339996338,525
Krzysiek22m,1,38,a,o,1738006006.538781,1738006006.6631224,0.12434148788452148,0.1255505084991455,0.04916834831237793,526
Krzysiek22m,1,38,n,a,1738006006.805621,1738006006.898738,0.09311699867248535,0.26683998107910156,0.14249849319458008,527
Krzysiek22m,1,38,l,n,1738006006.996619,1738006007.095265,0.09864592552185059,0.19099807739257812,0.09788107872009277,528
Krzysiek22m,1,38,Key.enter,l,1738006007.2237403,1738006007.3201678,0.09642744064331055,0.22712135314941406,0.12847542762756348,529
Krzysiek22m,1,39,.,Key.enter,1738006018.4812331,1738006018.5971959,0.11596274375915527,11.257492780685425,,530
Krzysiek22m,1,39,t,.,1738006018.99904,1738006019.1267638,0.12772393226623535,0.5178067684173584,0.4018440246582031,531
Krzysiek22m,1,39,i,t,1738006019.2511048,1738006019.345645,0.09454011917114258,0.25206494331359863,0.12434101104736328,532
Krzysiek22m,1,39,e,i,1738006019.4516973,1738006019.5828416,0.13114428520202637,0.2005925178527832,0.10605239868164062,533
Krzysiek22m,1,39,5,e,1738006019.7977564,1738006019.8892741,0.09151768684387207,0.34605908393859863,0.21491479873657227,534
Krzysiek22m,1,39,R,5,1738006020.1907632,1738006020.3142712,0.12350797653198242,0.3930068016052246,0.30148911476135254,535
Krzysiek22m,1,39,Key.shift,R,1738006019.983403,1738006020.3153014,0.33189845085144043,-0.20736026763916016,-0.3308682441711426,536
Krzysiek22m,1,39,o,Key.shift,1738006020.4515412,1738006020.5488226,0.09728145599365234,0.4681382179260254,0.13623976707458496,537
Krzysiek22m,1,39,a,o,1738006020.6052132,1738006020.7353137,0.13010048866271973,0.1536719799041748,0.05639052391052246,538
Krzysiek22m,1,39,n,a,1738006020.8744245,1738006020.9668398,0.09241533279418945,0.2692112922668457,0.13911080360412598,539
Krzysiek22m,1,39,l,n,1738006021.071667,1738006021.1511352,0.0794682502746582,0.19724249839782715,0.1048271656036377,540
Krzysiek22m,1,39,Key.enter,l,1738006021.5575893,1738006021.6638823,0.1062929630279541,0.48592233657836914,0.40645408630371094,541
Krzysiek22m,1,40,.,Key.enter,1738006022.3592043,1738006022.4552872,0.09608292579650879,0.8016149997711182,,542
Krzysiek22m,1,40,t,.,1738006022.8661902,1738006022.9444687,0.0782785415649414,0.5069859027862549,0.4109029769897461,543
Krzysiek22m,1,40,i,t,1738006023.0933018,1738006023.1814065,0.0881047248840332,0.2271115779876709,0.1488330364227295,544
Krzysiek22m,1,40,e,i,1738006023.197245,1738006023.3346832,0.13743829727172852,0.1039431095123291,0.0158383846282959,545
Krzysiek22m,1,40,5,e,1738006023.5489776,1738006023.6451735,0.09619593620300293,0.3517327308654785,0.21429443359375,546
Krzysiek22m,1,40,Key.shift,5,1738006023.918346,1738006024.230033,0.31168699264526367,0.369368314743042,0.27317237854003906,547
Krzysiek22m,1,40,r,Key.shift,1738006024.2306938,1738006024.2306938,0.0,0.3123478889465332,0.0006608963012695312,548
Krzysiek22m,1,40,o,r,1738006024.4224408,1738006024.5017436,0.07930278778076172,0.19174695014953613,0.19174695014953613,549
Krzysiek22m,1,40,a,o,1738006024.5600412,1738006024.6991436,0.13910245895385742,0.13760042190551758,0.05829763412475586,550
Krzysiek22m,1,40,n,a,1738006025.317445,1738006025.4298103,0.1123652458190918,0.7574038505554199,0.6183013916015625,551
Krzysiek22m,1,40,l,n,1738006025.5423253,1738006025.6380281,0.0957028865814209,0.22488021850585938,0.11251497268676758,552
Krzysiek22m,1,40,Key.enter,l,1738006025.777657,1738006025.8986742,0.1210172176361084,0.23533177375793457,0.13962888717651367,553
Krzysiek22m,1,40,.,Key.enter,1738006027.407368,1738006027.5079615,0.10059356689453125,1.6297109127044678,,554
Krzysiek22m,1,40,t,.,1738006027.7265408,1738006027.834102,0.10756111145019531,0.31917285919189453,0.21857929229736328,555
Krzysiek22m,1,40,i,t,1738006027.9771326,1738006028.0708306,0.09369802474975586,0.2505917549133301,0.14303064346313477,556
Krzysiek22m,1,40,e,i,1738006028.1373515,1738006028.2396467,0.1022951602935791,0.1602189540863037,0.06652092933654785,557
Krzysiek22m,1,40,5,e,1738006028.470664,1738006028.567658,0.09699392318725586,0.3333125114440918,0.2310173511505127,558
Krzysiek22m,1,40,R,5,1738006024.0955288,1738006029.0022323,4.906703472137451,-4.375135183334351,-4.4721291065216064,559
Krzysiek22m,1,40,Key.shift,R,1738006028.7398517,1738006029.0348082,0.2949564456939697,4.644322872161865,-0.26238059997558594,560
Krzysiek22m,1,40,o,Key.shift,1738006029.1443145,1738006029.2408063,0.09649181365966797,0.4044628143310547,0.10950636863708496,561
Krzysiek22m,1,40,a,o,1738006029.2720244,1738006029.3845346,0.11251020431518555,0.12770986557006836,0.03121805191040039,562
Krzysiek22m,1,40,n,a,1738006029.686976,1738006029.7851686,0.09819269180297852,0.4149515628814697,0.3024413585662842,563
Krzysiek22m,1,40,l,n,1738006029.8799157,1738006029.9843116,0.10439586639404297,0.19293975830078125,0.09474706649780273,564
Krzysiek22m,1,40,Key.enter,l,1738006030.0970502,1738006030.2394748,0.1424245834350586,0.2171344757080078,0.11273860931396484,565
Krzysiek22m,1,41,.,Key.enter,1738006031.3528645,1738006031.449627,0.09676241874694824,1.2558143138885498,,566
Krzysiek22m,1,41,t,.,1738006031.5305405,1738006031.6726692,0.14212870597839355,0.17767596244812012,0.08091354370117188,567
Krzysiek22m,1,41,i,t,1738006031.7656832,1738006031.8619015,0.09621834754943848,0.23514270782470703,0.09301400184631348,568
Krzysiek22m,1,41,e,i,1738006031.8798952,1738006032.0122168,0.13232159614562988,0.1142120361328125,0.017993688583374023,569
Krzysiek22m,1,41,5,e,1738006032.322997,1738006032.4008596,0.07786250114440918,0.4431018829345703,0.31078028678894043,570
Krzysiek22m,1,41,R,5,1738006032.6317053,1738006032.7708488,0.1391434669494629,0.30870819091796875,0.23084568977355957,571
Krzysiek22m,1,41,Key.shift,R,1738006032.4499567,1738006032.8048546,0.35489797592163086,-0.181748628616333,-0.3208920955657959,572
Krzysiek22m,1,41,o,Key.shift,1738006033.0132034,1738006033.0983973,0.08519387245178223,0.5632467269897461,0.20834875106811523,573
Krzysiek22m,1,41,a,o,1738006033.1262019,1738006033.2286167,0.10241484642028809,0.11299848556518555,0.02780461311340332,574
Krzysiek22m,1,41,n,a,1738006033.501454,1738006033.613919,0.11246490478515625,0.37525224685668945,0.27283740043640137,575
Krzysiek22m,1,41,l,n,1738006033.6976082,1738006033.803502,0.10589385032653809,0.19615411758422852,0.08368921279907227,576
Krzysiek22m,1,41,Key.enter,l,1738006033.9180992,1738006034.037934,0.11983489990234375,0.2204909324645996,0.11459708213806152,577
Krzysiek22m,1,42,.,Key.enter,1738006035.2984192,1738006035.4083283,0.1099090576171875,1.3803200721740723,,578
Krzysiek22m,1,42,t,.,1738006035.521751,1738006035.6456032,0.12385225296020508,0.22333168983459473,0.11342263221740723,579
Krzysiek22m,1,42,i,t,1738006035.756867,1738006035.846524,0.08965706825256348,0.23511600494384766,0.11126375198364258,580
Krzysiek22m,1,42,e,i,1738006035.8428657,1738006035.9510326,0.10816693305969238,0.0859987735748291,-0.003658294677734375,581
Krzysiek22m,1,42,5,e,1738006036.901792,1738006036.9947636,0.0929715633392334,1.0589263439178467,0.9507594108581543,582
Krzysiek22m,1,42,Key.shift,5,1738006037.1567059,1738006037.4401457,0.28343987464904785,0.2549138069152832,0.1619422435760498,583
Krzysiek22m,1,42,r,Key.shift,1738006024.2306938,1738006037.462683,13.23198914527893,-12.92601203918457,-13.209451913833618,584
Krzysiek22m,1,42,o,r,1738006037.5953765,1738006037.6908362,0.0954596996307373,13.364682674407959,0.13269352912902832,585
Krzysiek22m,1,42,a,o,1738006037.7284791,1738006037.8395674,0.11108827590942383,0.1331026554107666,0.0376429557800293,586
Krzysiek22m,1,42,n,a,1738006037.944766,1738006038.0247083,0.07994222640991211,0.21628689765930176,0.10519862174987793,587
Krzysiek22m,1,42,l,n,1738006038.1554644,1738006038.2468004,0.09133601188659668,0.21069836616516113,0.13075613975524902,588
Krzysiek22m,1,42,Key.enter,l,1738006039.3588145,1738006039.5185237,0.15970921516418457,1.2033500671386719,1.1120140552520752,589
Krzysiek22m,1,42,.,Key.enter,1738006040.4540596,1738006040.5760124,0.12195277214050293,1.095245122909546,,590
Krzysiek22m,1,42,t,.,1738006041.3178806,1738006041.4575894,0.1397087574005127,0.8638210296630859,0.741868257522583,591
Krzysiek22m,1,42,i,t,1738006041.6072185,1738006041.7195876,0.11236906051635742,0.2893378734588623,0.1496291160583496,592
Krzysiek22m,1,42,e,i,1738006041.7348428,1738006041.8741062,0.13926339149475098,0.1276242733001709,0.015255212783813477,593
Krzysiek22m,1,42,5,e,1738006042.095887,1738006042.1867177,0.09083080291748047,0.36104416847229004,0.22178077697753906,594
Krzysiek22m,1,42,R,5,1738006037.3328903,1738006042.5081213,5.175230979919434,-4.762996673583984,-4.853827476501465,595
Krzysiek22m,1,42,Key.shift,R,1738006042.2235212,1738006042.563157,0.33963584899902344,4.8906309604644775,-0.28460001945495605,596
Krzysiek22m,1,42,o,Key.shift,1738006042.6305983,1738006042.7305198,0.09992146492004395,0.4070770740509033,0.06744122505187988,597
Krzysiek22m,1,42,a,o,1738006042.7838268,1738006042.9313955,0.1475687026977539,0.1532285213470459,0.05330705642700195,598
Krzysiek22m,1,42,n,a,1738006043.2766025,1738006043.383924,0.10732150077819824,0.49277567863464355,0.34520697593688965,599
Krzysiek22m,1,42,l,n,1738006043.4775882,1738006043.5758877,0.09829950332641602,0.20098567008972168,0.09366416931152344,600
Krzysiek22m,1,42,Key.enter,l,1738006043.8056238,1738006043.9042926,0.09866881370544434,0.3280355930328369,0.2297360897064209,601
Krzysiek22m,1,43,.,Key.enter,1738006044.654909,1738006044.7431633,0.08825445175170898,0.8492851257324219,,602
Krzysiek22m,1,43,t,.,1738006044.9445205,1738006045.0988417,0.15432119369506836,0.2896115779876709,0.20135712623596191,603
Krzysiek22m,1,43,i,t,1738006045.1685915,1738006045.2639685,0.09537696838378906,0.22407102584838867,0.06974983215332031,604
Krzysiek22m,1,43,e,i,1738006045.2639685,1738006045.3775744,0.11360597610473633,0.09537696838378906,0.0,605
Krzysiek22m,1,43,5,e,1738006045.6554992,1738006045.7233753,0.06787610054016113,0.39153075218200684,0.2779247760772705,606
Krzysiek22m,1,43,R,5,1738006045.9478843,1738006046.06448,0.11659574508666992,0.2923851013183594,0.22450900077819824,607
Krzysiek22m,1,43,Key.shift,R,1738006045.7731194,1738006046.1164408,0.3433213233947754,-0.17476487159729004,-0.29136061668395996,608
Krzysiek22m,1,43,o,Key.shift,1738006046.2080014,1738006046.2872884,0.07928705215454102,0.43488192558288574,0.09156060218811035,609
Krzysiek22m,1,43,a,o,1738006046.3517947,1738006046.4803276,0.12853288650512695,0.14379334449768066,0.06450629234313965,610
Krzysiek22m,1,43,n,a,1738006046.84612,1738006046.9246671,0.07854700088500977,0.4943253993988037,0.36579251289367676,611
Krzysiek22m,1,43,l,n,1738006047.0278661,1738006047.1183698,0.09050369262695312,0.1817460060119629,0.10319900512695312,612
Krzysiek22m,1,43,Key.enter,l,1738006047.2821963,1738006047.39359,0.11139369010925293,0.2543301582336426,0.16382646560668945,613
Krzysiek22m,1,44,.,Key.enter,1738006048.2038932,1738006048.3181896,0.11429643630981445,0.9216969013214111,,614
Krzysiek22m,1,44,t,.,1738006048.586773,1738006048.696926,0.1101531982421875,0.38287973403930664,0.2685832977294922,615
Krzysiek22m,1,44,i,t,1738006048.7663307,1738006048.8465226,0.08019185066223145,0.17955780029296875,0.06940460205078125,616
Krzysiek22m,1,44,e,i,1738006048.8654096,1738006048.9765844,0.1111748218536377,0.09907889366149902,0.018887042999267578,617
Krzysiek22m,1,44,5,e,1738006049.549016,1738006049.6687481,0.11973214149475098,0.6836063861846924,0.5724315643310547,618
Krzysiek22m,1,44,R,5,1738006049.9835808,1738006050.1060662,0.12248539924621582,0.43456482887268066,0.3148326873779297,619
Krzysiek22m,1,44,Key.shift,R,1738006049.7934318,1738006050.1085942,0.31516242027282715,-0.19014906883239746,-0.3126344680786133,620
Krzysiek22m,1,44,o,Key.shift,1738006050.230564,1738006050.3283014,0.09773731231689453,0.4371323585510254,0.12196993827819824,621
Krzysiek22m,1,44,a,o,1738006050.373767,1738006050.5170915,0.143324613571167,0.1432027816772461,0.04546546936035156,622
Krzysiek22m,1,44,n,a,1738006050.7022564,1738006050.8046436,0.1023871898651123,0.3284895420074463,0.1851649284362793,623
Krzysiek22m,1,44,l,n,1738006050.8836663,1738006050.9785483,0.09488201141357422,0.1814098358154297,0.07902264595031738,624
Krzysiek22m,1,44,Key.enter,l,1738006051.112015,1738006051.2384746,0.12645959854125977,0.2283487319946289,0.1334667205810547,625
Krzysiek22m,1,45,.,Key.enter,1738006058.1171768,1738006058.196525,0.07934832572937012,7.005161762237549,,626
Krzysiek22m,1,45,t,.,1738006058.357428,1738006058.4494636,0.09203553199768066,0.2402513027191162,0.1609029769897461,627
Krzysiek22m,1,45,i,t,1738006058.5524077,1738006058.6317122,0.07930445671081543,0.19497966766357422,0.10294413566589355,628
Krzysiek22m,1,45,e,i,1738006058.6525795,1738006058.757603,0.10502338409423828,0.10017180442810059,0.020867347717285156,629
Krzysiek22m,1,45,5,e,1738006059.1193688,1738006059.2059648,0.08659601211547852,0.46678924560546875,0.36176586151123047,630
Krzysiek22m,1,45,R,5,1738006059.443739,1738006059.5479712,0.1042323112487793,0.3243701457977295,0.23777413368225098,631
Krzysiek22m,1,45,Key.shift,R,1738006059.252463,1738006059.5797875,0.32732439041137695,-0.19127583503723145,-0.29550814628601074,632
Krzysiek22m,1,45,o,Key.shift,1738006059.7111502,1738006059.7869473,0.07579708099365234,0.45868706703186035,0.1313626766204834,633
Krzysiek22m,1,45,a,o,1738006059.8058894,1738006059.9461505,0.14026117324829102,0.09473919868469238,0.01894211769104004,634
Krzysiek22m,1,45,n,a,1738006060.147322,1738006060.2345257,0.0872037410736084,0.3414325714111328,0.2011713981628418,635
Krzysiek22m,1,45,l,n,1738006060.3480835,1738006060.442505,0.09442138671875,0.2007615566253662,0.11355781555175781,636
Krzysiek22m,1,45,Key.enter,l,1738006060.5851288,1738006060.6923945,0.10726571083068848,0.2370452880859375,0.1426239013671875,637
Krzysiek22m,1,46,.,Key.enter,1738006061.0671797,1738006061.1766517,0.10947203636169434,0.48205089569091797,,638
Krzysiek22m,1,46,t,.,1738006061.3444178,1738006061.4616942,0.11727643013000488,0.277238130569458,0.16776609420776367,639
Krzysiek22m,1,46,i,t,1738006061.5313892,1738006061.6278772,0.09648799896240234,0.18697142601013184,0.06969499588012695,640
Krzysiek22m,1,46,e,i,1738006061.6285315,1738006061.7666621,0.13813066482543945,0.09714221954345703,0.0006542205810546875,641
Krzysiek22m,1,46,5,e,1738006062.0174744,1738006062.1067514,0.08927702903747559,0.3889429569244385,0.250812292098999,642
Krzysiek22m,1,46,R,5,1738006062.3568993,1738006062.4664874,0.1095881462097168,0.33942484855651855,0.25014781951904297,643
Krzysiek22m,1,46,Key.shift,R,1738006062.1765814,1738006062.528772,0.3521907329559326,-0.18031787872314453,-0.28990602493286133,644
Krzysiek22m,1,46,o,Key.shift,1738006062.6228352,1738006062.7024467,0.07961153984069824,0.44625377655029297,0.09406304359436035,645
Krzysiek22m,1,46,a,o,1738006062.798811,1738006062.9179132,0.11910223960876465,0.17597579956054688,0.09636425971984863,646
Krzysiek22m,1,46,n,a,1738006063.2328,1738006063.312612,0.07981204986572266,0.4339890480041504,0.31488680839538574,647
Krzysiek22m,1,46,l,n,1738006063.417625,1738006063.5119817,0.09435677528381348,0.18482494354248047,0.10501289367675781,648
Krzysiek22m,1,46,Key.enter,l,1738006063.6355205,1738006063.7340937,0.09857320785522461,0.2178955078125,0.12353873252868652,649
Krzysiek22m,1,47,.,Key.enter,1738006063.9747105,1738006064.0716467,0.09693622589111328,0.3391900062561035,,650
Krzysiek22m,1,47,t,.,1738006064.306032,1738006064.4201994,0.11416745185852051,0.33132147789001465,0.23438525199890137,651
Krzysiek22m,1,47,i,t,1738006064.5175254,1738006064.614269,0.09674358367919922,0.21149349212646484,0.09732604026794434,652
Krzysiek22m,1,47,e,i,1738006064.628836,1738006064.7389255,0.11008954048156738,0.11131048202514648,0.014566898345947266,653
Krzysiek22m,1,47,5,e,1738006065.0306473,1738006065.154349,0.12370181083679199,0.4018113613128662,0.29172182083129883,654
Krzysiek22m,1,47,R,5,1738006065.516487,1738006065.621579,0.10509204864501953,0.4858396053314209,0.3621377944946289,655
Krzysiek22m,1,47,Key.shift,R,1738006065.325258,1738006065.675012,0.34975409507751465,-0.19122886657714844,-0.29632091522216797,656
Krzysiek22m,1,47,o,Key.shift,1738006065.7495968,1738006065.811281,0.06168413162231445,0.42433881759643555,0.0745847225189209,657
Krzysiek22m,1,47,a,o,1738006065.8885846,1738006066.0003843,0.11179971694946289,0.13898777961730957,0.07730364799499512,658
Krzysiek22m,1,47,n,a,1738006066.2603405,1738006066.350191,0.08985066413879395,0.37175583839416504,0.25995612144470215,659
Krzysiek22m,1,47,l,n,1738006066.466514,1738006066.5444458,0.07793164253234863,0.20617365837097168,0.11632299423217773,660
Krzysiek22m,1,47,Key.enter,l,1738006066.725623,1738006066.856255,0.1306321620941162,0.2591087818145752,0.18117713928222656,661
Krzysiek22m,1,48,t,Key.enter,1738006068.9160888,1738006068.996102,0.08001327514648438,2.1904659271240234,,662
Krzysiek22m,1,48,i,t,1738006071.8725178,1738006071.9753704,0.10285258293151855,2.9564290046691895,2.876415729522705,663
Krzysiek22m,1,48,e,i,1738006072.048491,1738006072.1775088,0.12901782989501953,0.17597317695617676,0.0731205940246582,664
Krzysiek22m,1,48,5,e,1738006073.2987268,1738006073.3962333,0.09750652313232422,1.2502357959747314,1.121217966079712,665
Krzysiek22m,1,48,R,5,1738006074.0441048,1738006074.1529322,0.10882735252380371,0.7453780174255371,0.6478714942932129,666
Krzysiek22m,1,48,Key.shift,R,1738006073.9191496,1738006074.195661,0.27651143074035645,-0.1249551773071289,-0.23378252983093262,667
Krzysiek22m,1,48,o,Key.shift,1738006074.3746507,1738006074.4543676,0.07971692085266113,0.45550107955932617,0.17898964881896973,668
Krzysiek22m,1,48,a,o,1738006074.4953299,1738006074.584373,0.08904314041137695,0.12067914009094238,0.04096221923828125,669
Krzysiek22m,1,48,n,a,1738006074.989759,1738006075.0694582,0.07969927787780762,0.4944291114807129,0.40538597106933594,670
Krzysiek22m,1,48,l,n,1738006075.1765056,1738006075.2837183,0.10721278190612793,0.18674659729003906,0.10704731941223145,671
Krzysiek22m,1,48,Key.enter,l,1738006076.0206459,1738006076.160851,0.14020514488220215,0.8441402912139893,0.7369275093078613,672
Krzysiek22m,1,48,.,Key.enter,1738006077.0581546,1738006077.1697648,0.11161017417907715,1.0375087261199951,,673
Krzysiek22m,1,48,t,.,1738006077.3700128,1738006077.495254,0.12524127960205078,0.3118581771850586,0.20024800300598145,674
Krzysiek22m,1,48,i,t,1738006077.5769272,1738006077.6719265,0.09499931335449219,0.20691442489624023,0.08167314529418945,675
Krzysiek22m,1,48,e,i,1738006077.687962,1738006077.8064635,0.11850142478942871,0.11103487014770508,0.01603555679321289,676
Krzysiek22m,1,48,5,e,1738006078.0626044,1738006078.1396632,0.07705879211425781,0.37464237213134766,0.25614094734191895,677
Krzysiek22m,1,48,R,5,1738006078.388835,1738006078.5363355,0.14750051498413086,0.326230525970459,0.24917173385620117,678
Krzysiek22m,1,48,Key.shift,R,1738006078.2014127,1738006078.584217,0.38280439376831055,-0.1874222755432129,-0.33492279052734375,679
Krzysiek22m,1,48,o,Key.shift,1738006078.7135167,1738006078.825881,0.11236429214477539,0.5121040344238281,0.12929964065551758,680
Krzysiek22m,1,48,a,o,1738006078.886692,1738006078.9951365,0.1084444522857666,0.17317533493041992,0.06081104278564453,681
Krzysiek22m,1,48,m,a,1738006080.0269222,1738006080.1160815,0.08915925025939941,1.1402301788330078,1.0317857265472412,682
Krzysiek22m,1,48,l,m,1738006080.23787,1738006080.3331187,0.09524869918823242,0.21094775199890137,0.12178850173950195,683
Krzysiek22m,1,48,Key.enter,l,1738006080.5136316,1738006080.6395166,0.125885009765625,0.27576160430908203,0.1805129051208496,684
Krzysiek22m,1,48,.,Key.enter,1738006081.6613808,1738006081.761599,0.10021829605102539,1.1477491855621338,,685
Krzysiek22m,1,48,t,.,1738006082.586234,1738006082.7124434,0.12620925903320312,0.9248533248901367,0.8246350288391113,686
Krzysiek22m,1,48,i,t,1738006082.761497,1738006082.857446,0.09594893455505371,0.1752629280090332,0.04905366897583008,687
Krzysiek22m,1,48,e,i,1738006082.8980145,1738006083.049806,0.15179157257080078,0.13651752471923828,0.04056859016418457,688
Krzysiek22m,1,48,5,e,1738006083.3068204,1738006083.3845534,0.07773303985595703,0.40880584716796875,0.25701427459716797,689
Krzysiek22m,1,48,R,5,1738006083.691083,1738006083.803109,0.11202597618103027,0.3842625617980957,0.30652952194213867,690
Krzysiek22m,1,48,Key.shift,R,1738006083.5317352,1738006083.862582,0.33084678649902344,-0.1593477725982666,-0.2713737487792969,691
Krzysiek22m,1,48,o,Key.shift,1738006084.0737467,1738006084.157303,0.0835564136505127,0.5420114994049072,0.2111647129058838,692
Krzysiek22m,1,48,a,o,1738006084.294652,1738006084.4355395,0.14088749885559082,0.22090530395507812,0.13734889030456543,693
Krzysiek22m,1,48,n,a,1738006084.8932755,1738006085.004206,0.1109304428100586,0.598623514175415,0.4577360153198242,694
Krzysiek22m,1,48,l,n,1738006085.2801397,1738006085.372622,0.09248232841491699,0.38686418533325195,0.27593374252319336,695
Krzysiek22m,1,48,Key.enter,l,1738006085.7063441,1738006085.8704731,0.16412901878356934,0.4262044429779053,0.3337221145629883,696
Krzysiek22m,1,49,t,Key.enter,1738006087.7924974,1738006087.903655,0.11115765571594238,2.086153268814087,,697
Krzysiek22m,1,49,i,t,1738006087.9275906,1738006088.037202,0.10961127281188965,0.13509321212768555,0.023935556411743164,698
Krzysiek22m,1,49,e,i,1738006088.037202,1738006088.165733,0.12853121757507324,0.10961127281188965,0.0,699
Krzysiek22m,1,49,5,e,1738006088.5495603,1738006088.6460636,0.09650325775146484,0.5123584270477295,0.38382720947265625,700
Krzysiek22m,1,49,R,5,1738006089.0747962,1738006089.194388,0.11959171295166016,0.5252358913421631,0.42873263359069824,701
Krzysiek22m,1,49,Key.shift,R,1738006088.741738,1738006089.2594543,0.5177161693572998,-0.33305811882019043,-0.4526498317718506,702
Krzysiek22m,1,49,o,Key.shift,1738006089.505264,1738006089.5975575,0.09229350090026855,0.7635259628295898,0.24580979347229004,703
Krzysiek22m,1,49,a,o,1738006089.663331,1738006089.7735472,0.11021614074707031,0.158066987991333,0.06577348709106445,704
Krzysiek22m,1,49,n,a,1738006090.3583539,1738006090.4397178,0.08136391639709473,0.6950228214263916,0.5848066806793213,705
Krzysiek22m,1,49,l,n,1738006090.5401125,1738006090.6380138,0.0979013442993164,0.18175864219665527,0.10039472579956055,706
Krzysiek22m,1,49,Key.enter,l,1738006090.7702785,1738006090.8752148,0.10493636131286621,0.23016595840454102,0.1322646141052246,707
Krzysiek22m,1,49,.,Key.enter,1738006092.046627,1738006092.1470075,0.10038042068481445,1.27634859085083,,708
Krzysiek22m,1,49,t,.,1738006092.426897,1738006092.5704203,0.1435232162475586,0.38027000427246094,0.2798895835876465,709
Krzysiek22m,1,49,i,t,1738006092.6237686,1738006092.7044609,0.08069229125976562,0.19687151908874512,0.05334830284118652,710
Krzysiek22m,1,49,e,i,1738006092.687631,1738006092.8575568,0.16992592811584473,0.06386232376098633,-0.016829967498779297,711
Krzysiek22m,1,49,5,e,1738006093.0638423,1738006093.149786,0.08594369888305664,0.37621140480041504,0.2062854766845703,712
Krzysiek22m,1,49,R,5,1738006093.3522694,1738006093.469006,0.11673665046691895,0.28842711448669434,0.2024834156036377,713
Krzysiek22m,1,49,Key.shift,R,1738006093.18583,1738006093.5138927,0.3280625343322754,-0.16643929481506348,-0.2831759452819824,714
Krzysiek22m,1,49,o,Key.shift,1738006093.6317637,1738006093.69555,0.06378626823425293,0.44593358039855957,0.11787104606628418,715
Krzysiek22m,1,49,a,o,1738006093.7659698,1738006093.8775434,0.11157369613647461,0.13420605659484863,0.0704197883605957,716
Krzysiek22m,1,49,n,a,1738006095.9635978,1738006096.070637,0.10703921318054199,2.1976280212402344,2.0860543251037598,717
Krzysiek22m,1,49,l,n,1738006096.3272011,1738006096.437676,0.11047482490539551,0.3636033535003662,0.2565641403198242,718
Krzysiek22m,1,49,Key.left,l,1738006096.655583,1738006096.7208295,0.06524658203125,0.3283817768096924,0.21790695190429688,719
Krzysiek22m,1,49,Key.enter,Key.left,1738006099.7866788,1738006099.8856976,0.09901881217956543,3.1310958862304688,3.0658493041992188,720
Krzysiek22m,1,49,Key.backspace,Key.enter,1738006099.809092,1738006099.9543447,0.14525270462036133,0.022413253784179688,,721
Krzysiek22m,1,49,.,Key.backspace,1738006101.093159,1738006101.2037702,0.1106112003326416,1.284066915512085,1.1388142108917236,722
Krzysiek22m,1,49,t,.,1738006101.4654381,1738006101.586924,0.12148594856262207,0.37227916717529297,0.26166796684265137,723
Krzysiek22m,1,49,i,t,1738006101.6625376,1738006101.7603915,0.0978538990020752,0.1970994472503662,0.07561349868774414,724
Krzysiek22m,1,49,e,i,1738006101.7567928,1738006101.879852,0.12305927276611328,0.09425520896911621,-0.0035986900329589844,725
Krzysiek22m,1,49,5,e,1738006102.0606422,1738006102.122828,0.06218576431274414,0.303849458694458,0.18079018592834473,726
Krzysiek22m,1,49,R,5,1738006102.3677928,1738006102.4708514,0.1030585765838623,0.30715060234069824,0.2449648380279541,727
Krzysiek22m,1,49,Key.shift,R,1738006102.1728702,1738006102.5171301,0.34425997734069824,-0.19492268562316895,-0.29798126220703125,728
Krzysiek22m,1,49,o,Key.shift,1738006102.6654887,1738006102.7434788,0.07799005508422852,0.4926185607910156,0.14835858345031738,729
Krzysiek22m,1,49,a,o,1738006102.7690575,1738006102.8992076,0.13015007972717285,0.10356879234313965,0.025578737258911133,730
Krzysiek22m,1,49,l,a,1738006103.0064092,1738006103.0940788,0.08766961097717285,0.237351655960083,0.10720157623291016,731
Krzysiek22m,1,49,n,l,1738006103.2809362,1738006103.3591895,0.07825326919555664,0.27452707290649414,0.1868574619293213,732
Krzysiek22m,1,49,Key.enter,n,1738006103.842682,1738006103.961015,0.11833310127258301,0.5617456436157227,0.483492374420166,733
Krzysiek22m,1,49,.,Key.enter,1738006106.2585056,1738006106.3709028,0.1123971939086914,2.4158236980438232,,734
Krzysiek22m,1,49,t,.,1738006106.5303066,1738006106.6393316,0.1090250015258789,0.2718009948730469,0.15940380096435547,735
Krzysiek22m,1,49,i,t,1738006106.7019076,1738006106.7658117,0.0639040470123291,0.1716010570526123,0.0625760555267334,736
Krzysiek22m,1,49,e,i,1738006106.781719,1738006106.9219933,0.1402742862701416,0.07981133460998535,0.01590728759765625,737
Krzysiek22m,1,49,5,e,1738006107.2038255,1738006107.2741978,0.07037234306335449,0.4221065044403076,0.281832218170166,738
Krzysiek22m,1,49,R,5,1738006107.5556326,1738006107.6859503,0.13031768798828125,0.3518071174621582,0.2814347743988037,739
Krzysiek22m,1,49,Key.shift,R,1738006107.339254,1738006107.7031634,0.3639094829559326,-0.21637868881225586,-0.3466963768005371,740
Krzysiek22m,1,49,o,Key.shift,1738006108.04294,1738006108.1293008,0.08636093139648438,0.703685998916626,0.33977651596069336,741
Krzysiek22m,1,49,a,o,1738006108.1947339,1738006108.3008945,0.10616064071655273,0.1517939567565918,0.06543302536010742,742
Krzysiek22m,1,49,l,a,1738006108.4706137,1738006108.5684977,0.09788393974304199,0.2758798599243164,0.16971921920776367,743
Krzysiek22m,1,49,n,l,1738006108.6866238,1738006108.7889297,0.10230588912963867,0.21601009368896484,0.11812615394592285,744
Krzysiek22m,1,49,Key.enter,n,1738006108.9044302,1738006109.0849876,0.1805574893951416,0.21780633926391602,0.11550045013427734,745
Krzysiek22m,1,49,.,Key.enter,1738006110.4251285,1738006110.4741433,0.04901480674743652,1.5206983089447021,,746
Krzysiek22m,1,49,t,.,1738006117.2155228,1738006117.3106267,0.09510397911071777,6.790394306182861,6.741379499435425,747
Krzysiek22m,1,49,i,t,1738006117.367815,1738006117.4398565,0.07204151153564453,0.15229225158691406,0.05718827247619629,748
Krzysiek22m,1,49,e,i,1738006117.4828427,1738006117.6199284,0.1370856761932373,0.11502766609191895,0.042986154556274414,749
Krzysiek22m,1,49,5,e,1738006117.925482,1738006118.0052664,0.07978439331054688,0.4426393508911133,0.305553674697876,750
Krzysiek22m,1,49,Key.shift,5,1738006118.2620392,1738006118.59319,0.33115077018737793,0.33655714988708496,0.2567727565765381,751
Krzysiek22m,1,49,r,Key.shift,1738006118.6052034,1738006118.6052034,0.0,0.34316420555114746,0.012013435363769531,752
Krzysiek22m,1,49,o,r,1738006118.7436411,1738006118.8457713,0.10213017463684082,0.13843774795532227,0.13843774795532227,753
Krzysiek22m,1,49,a,o,1738006118.8824053,1738006119.0289714,0.14656615257263184,0.1387641429901123,0.036633968353271484,754
Krzysiek22m,1,49,Key.backspace,a,1738006121.7035537,1738006121.7993698,0.09581613540649414,2.82114839553833,2.6745822429656982,755
Krzysiek22m,1,49,Key.backspace,Key.backspace,1738006121.8671916,1738006121.9464426,0.07925105094909668,0.16363787651062012,0.06782174110412598,756
Krzysiek22m,1,49,Key.backspace,Key.backspace,1738006122.4788034,1738006122.5768316,0.09802818298339844,0.6116118431091309,0.5323607921600342,757
Krzysiek22m,1,49,R,Key.backspace,1738006118.487667,1738006123.1812892,4.69362211227417,-3.991136312484741,-4.08916449546814,758
Krzysiek22m,1,49,Key.shift,R,1738006122.8233511,1738006123.2243054,0.4009542465209961,4.335684061050415,-0.3579380512237549,759
Krzysiek22m,1,49,o,Key.shift,1738006124.0845115,1738006124.1778307,0.09331917762756348,1.2611603736877441,0.860206127166748,760
Krzysiek22m,1,49,a,o,1738006125.9134958,1738006126.0248134,0.11131763458251953,1.828984260559082,1.7356650829315186,761
Krzysiek22m,1,49,n,a,1738006126.5264883,1738006126.6295738,0.10308551788330078,0.612992525100708,0.5016748905181885,762
Krzysiek22m,1,49,l,n,1738006126.967831,1738006127.063733,0.0959022045135498,0.4413425922393799,0.3382570743560791,763
Krzysiek22m,1,49,Key.enter,l,1738006127.306458,1738006127.4215343,0.11507630348205566,0.3386270999908447,0.24272489547729492,764
